wine_id,our_name,vivino_name,score,cross_score,rating,reviews,url,winery,grapes,region
00ebe6ab-480d-4760-be38-991857bf856a,La Rosé Mon Petit La Rosé Liniment,Château Petit Fombrauge Château La Rose Piney Saint-Émilion Grand Cru,0.50,0.50,3.8,305,https://www.vivino.com/en/petit-fombrauge-chateau-la-rose-piney-saint-emilion-grand-cru/w/1468215,Château Petit Fombrauge,"Cabernet Sauvignon, Cabernet Franc, Merlot",France / Bordeaux / Libournais / Saint-Émilion / Saint-Émilion Grand Cru
010499c5-8c3d-4fa5-8fa2-f85434dd5355,Monteverdi Prosecco Spumante,N.V. Villa Sandi Prosecco Il Fresco Spumante,0.67,0.67,3.7,8322,https://www.vivino.com/en/villa-sandi-prosecco-il-fresco-spumante/w/1136903,Villa Sandi,100% Glera,Italy / Northern Italy / Veneto / Prosecco
010c7aa1-e7f4-44b3-98a3-d8ee751159d7,Gattinera Chardonnay,Gattinger Chardonnay Smaragd,0.50,0.50,4,40,https://www.vivino.com/en/gattinger-chardonnay-smaragd/w/5325262,Gattinger,Chardonnay,Austria / Weinland / Niederösterreich / Wachau
01415f70-b660-4925-9030-187f19c7942e,Filiformis Rosso,Antinori Villa Antinori Rosso,0.50,0.50,3.9,142066,https://www.vivino.com/en/antinori-tuscany-villa-antinori-rosso/w/1656,Antinori,Sangiovese,Italy / Central Italy / Toscana
01948416-f862-4c2f-8d14-afd9144a0cc0,Mutarr Pét Mou Pétillant Naturel Rosé,Famille Moutard Pet’ Mout’ Pétillant Naturel Rosé,0.60,0.60,3.6,361,https://www.vivino.com/en/famille-moutard-pet-mout-petillant-naturel-rose/w/7476652,Famille Moutard,Pinot Noir,France / Vin de France
01ba60b8-17c7-4964-86ca-2cdc7b1b83b7,Pichini Memoro,N.V. Piccini Memoro Rosso,0.50,0.50,3.8,78447,https://www.vivino.com/en/piccini-memoro-rosso-tuscany/w/1155726,Piccini,"40% Primitivo, 30% Montepulciano, 20% Nero d'Avola, 10% Merlot",Italy / Central Italy / Toscana
01fe421b-9143-4e16-bf93-73269eea5761,Pâté de Cha Pinot Noir,Louis Latour Domaine de Valmoissine Pinot Noir,0.50,0.50,3.8,21160,https://www.vivino.com/en/louis-latour-domaine-de-valmoissine-pinot-noir/w/7278,Louis Latour,Pinot Noir,France / Vin de Pays / Méditerranée / Var
027a307c-1a50-451c-8127-f1e281362c45,Freycinet Classic Riesling,Hugel Classic Riesling,0.67,0.67,3.8,9475,https://www.vivino.com/en/hugel-classic-riesling-alsace/w/4417837,Hugel,Riesling,France / Alsace
03267a11-5c60-4429-9f72-43e15a80fc9f,Robert Mondavi Chardonnay Napa Valley,Robert Mondavi Winery Chardonnay,0.60,0.60,3.8,8552,https://www.vivino.com/en/robert-mondavi-winery-chardonnay/w/2422,Robert Mondavi Winery,Chardonnay,United States / California / North Coast / Napa County / Napa Valley
038ee431-9a89-4516-93c3-859b0be1e116,Freixenet Ice Cava Rosé,N.V. Freixenet Cuvée Especial Ice Rosé,0.67,0.67,3.8,2262,https://www.vivino.com/en/freixenet-cuvee-especial-ice-rose/w/5609225,Freixenet,100% Garnacha,Spain / Cava
0395006f-3314-4d26-8c5c-5fd40edadae1,Schrader Heritage Clone Cabernet Sauvignon,Sterling Vineyards Heritage Collection Cabernet Sauvignon,0.60,0.60,4.1,4389,https://www.vivino.com/en/sterling-vineyards-heritage-collection-cabernet-sauvignon/w/8386363,Sterling Vineyards,Cabernet Sauvignon,United States / California / North Coast / Napa County / Napa Valley
03e467f8-ea43-4059-b64b-35a318362eff,Ninja Kick Pinot Noir,Block Nine Pinot Noir (Caiden's Vineyards),0.50,0.50,3.7,10992,https://www.vivino.com/en/us-block-nine-pinot-noir-caiden-s-vineyards/w/1151012,Block Nine,Pinot Noir,United States / California
041c17d0-3640-4449-be6f-7856b8977f4f,Sydney Walcott Vine Dried Shiraz,Flavabom Vine Dried Shiraz,0.60,0.60,4,4937,https://www.vivino.com/en/flavabom-vine-dried-shiraz/w/4720020,Flavabom,Shiraz/Syrah,Australia / South Australia
044a61d7-5e17-4da1-a486-f7c8d92f8eb7,Matthew Joseph Napa Valley Chardonnay,Matthew Joseph (MJ) Chardonnay,0.60,0.60,3.6,297,https://www.vivino.com/en/mj-matthew-joseph-chardonnay-napa-valley/w/3168343,Matthew Joseph (MJ),Chardonnay,United States / California / North Coast / Napa County / Napa Valley
0458e261-a921-4f54-b958-118279d7da7f,Domaine Borgeot Bourgogne Chardonnay,Domaine Borgeot Bourgogne Chardonnay,1.00,1.00,3.8,939,https://www.vivino.com/en/domaine-borgeot-bourgogne-chardonnay/w/2624011,Domaine Borgeot,Chardonnay,France / Bourgogne
04610381-a72d-4dd6-9dbe-90c7da337977,Fuentelala Sombrero Malbec,Huentala Sombrero Malbec,0.67,0.67,3.7,4163,https://www.vivino.com/en/huentala-sombrero-malbec/w/5641278,Huentala,Malbec,Argentina / Mendoza / Uco Valley
046dcef6-e23d-4bb4-a1a4-f40a15905d15,Domaine Michel Magnien Morey Saint Denis Premier Cru Aux Millandes,Domaine Stephane Magnien Cuvée Aux Petites Noix Morey-Saint-Denis Premier Cru,0.80,0.80,4,423,https://www.vivino.com/en/domaine-stephane-magnien-cuvee-aux-petites-noix-morey-saint-denis-premier-cru/w/1211385,Domaine Stephane Magnien,Pinot Noir,France / Bourgogne / Côte de Nuits / Morey-Saint-Denis / Morey-Saint-Denis Premier Cru
0482f9be-ef47-4a3f-8c13-c2b0880fbb5c,Dog Point Section 94 Sauvignon Blanc,Dog Point Section 94 Sauvignon Blanc,1.00,1.00,3.9,6015,https://www.vivino.com/en/dog-point-section-94-sauvignon-blanc/w/79391,Dog Point,Sauvignon Blanc,New Zealand / South Island / Marlborough
048cf355-2820-4b16-8d0b-416407343113,Four Star by Golden Blanc Rosé,Vitteaut-Alberti Crémant de Bourgogne Four Stars by Golden Blanc Brut Rosé,0.75,0.75,4.1,28,https://www.vivino.com/en/vitteaut-alberti-cremant-de-bourgogne-four-stars-by-golden-blanc-brut-rose/w/10113655,Vitteaut-Alberti,Pinot Noir,France / Bourgogne / Crémant de Bourgogne
048ea99b-158d-4116-be10-055c0e2e362d,Tesoro Cabernet Sauvignon,Trapiche Tesoro Cabernet Sauvignon,1.00,1.00,3.7,277,https://www.vivino.com/en/trapiche-tesoro-cabernet-sauvignon/w/11003269,Trapiche,Cabernet Sauvignon,Argentina / Mendoza / Uco Valley
0491922d-b6e7-45c6-ba66-2021c43bff9e,Vericanto Pinot Noir,Meiomi Pinot Noir,0.67,0.67,4.1,184970,https://www.vivino.com/en/meiomi-pinot-noir/w/1136137,Meiomi,Pinot Noir,United States / California
04c0dc23-b004-43fd-8ffd-8e6b6d4bccd0,Take It to the Grave Shiraz,Take It To The Grave Shiraz,1.00,1.00,3.8,3599,https://www.vivino.com/en/take-it-to-the-grave-shiraz-south-australia/w/4450972,Take It To The Grave,Shiraz/Syrah,Australia / South Australia
04c54f34-db10-46e5-a390-79a12974ae85,Hacienda de Arinzano Chardonnay,Arínzano Hacienda de Arínzano Chardonnay,1.00,1.00,4,1529,https://www.vivino.com/en/arinzano-hacienda-de-arinzano-chardonnay/w/4883655,Arínzano,Chardonnay,Spain / Navarra / Arínzano
04c5540e-bd35-4e7f-b5f3-95812950e034,Oenos Pinot Grigio,Oynos Pinot Grigio,0.67,0.67,3.7,1229,https://www.vivino.com/en/oynos-pinot-grigio/w/4698578,Oynos,Pinot Grigio,Italy / Southern Italy / Terre Siciliane
04d1f6e5-d660-47ec-bad8-f38affe51f13,Matiz El Recio,Matsu El Recio,0.50,0.50,4.1,48391,https://www.vivino.com/en/matsu-el-recio/w/1136746,Matsu,Tinta de toro,Spain / Castilla y León / Toro
054be524-f66e-4ab5-8ecc-039ffca691e6,Fitz Pure Cabernet Sauvignon,Trapiche Pure Cabernet Sauvignon Unoaked,0.75,0.75,3.5,1338,https://www.vivino.com/en/trapiche-pure-cabernet-sauvignon-unoaked/w/6592956,Trapiche,Cabernet Sauvignon,Argentina / Mendoza / Uco Valley
055a5492-7c8b-4086-9139-438d6ccc82c9,Joseph Phelps Innisfree Cabernet Sauvignon,Joseph Phelps Vineyards Innisfree Cabernet Sauvignon,1.00,1.00,4.1,8467,https://www.vivino.com/en/joseph-phelps-vineyards-innisfree-cabernet-sauvignon/w/1666548,Joseph Phelps Vineyards,Cabernet Sauvignon,United States / California / North Coast / Napa County / Napa Valley
05986630-6fcf-4775-8269-d35dbd42dd60,Golden Bubble Moscato,Golden Bubbles Pellegrino Moscato,0.67,0.67,3.5,328,https://www.vivino.com/en/golden-bubbles-pellegrino-moscato/w/5206936,Golden Bubbles,Moscato,Italy / Southern Italy / Terre Siciliane / Sicilia
05afa12c-a081-4d28-9f6d-a5e3b17f2ed0,Schrader T6 Cabernet Sauvignon,Schrader Cabernet Sauvignon T6 Beckstoffer to Kalon Vineyard,1.00,1.00,4.7,441,https://www.vivino.com/en/schrader-cellars-cabernet-sauvignon-t6-beckstoffer-to-kalon-vineyard/w/3151730,Schrader,Cabernet Sauvignon,United States / California / North Coast / Napa County / Napa Valley / Oakville
06255257-759e-440c-a273-f39161119a3a,Cloudy Bay Te Wahi Pinot Noir,Cloudy Bay Te Wahi Pinot Noir,1.00,1.00,4.2,4519,https://www.vivino.com/en/cloudy-bay-te-wahi-pinot-noir/w/1419566,Cloudy Bay,Pinot Noir,New Zealand / South Island / Central Otago
06292de2-2ec6-415a-a42b-f57e78c4b292,Supply Shiraz,Forage Supply Co The Breaker Blend Grenache - Shiraz,1.00,1.00,3.9,85,https://www.vivino.com/en/forage-supply-co-the-breaker-blend-grenache-shiraz/w/9644444,Forage Supply Co,"Grenache, Shiraz/Syrah",Australia / South Australia / Barossa / Barossa Valley
0640408a-094d-4c75-99d6-f9e39a376c47,Geo Merlot Veneto,Casale ai Campi Merlot del Veneto,0.67,0.67,2.9,2935,https://www.vivino.com/en/casale-ai-campi-merlot-del-veneto/w/1643536,Casale ai Campi,Merlot,Italy / Northern Italy / Veneto
06725399-f68a-4f20-8a66-5e4810752f57,Banfi Chianti,Banfi Chianti Classico Riserva,1.00,1.00,3.8,22023,https://www.vivino.com/en/banfi-chianti-classico-riserva/w/22908,Banfi,Sangiovese,Italy / Central Italy / Toscana / Chianti / Chianti Classico
06777f25-8d63-47cc-a93e-f07cdc7cb993,Lunaria Pinot Grigio Pet Nat,Lunaria Ancestrale Pinot Grigio Spumante Biodinamico Brut Nature Pet Nat,1.00,1.00,4,2222,https://www.vivino.com/en/lunaria-ancestrale-pinot-grigio-spumante-biodinamico-brut-nature-pet-nat/w/8582424,Lunaria,Pinot Grigio,Italy / Central Italy / Abruzzo
067a9096-061a-4249-b687-365f7ace039f,Joseph Ventosa Cava Brut Rosé,Josep Ventosa Cava Brut Rosé,0.67,0.67,3.8,151,https://www.vivino.com/en/josep-ventosa-cava-brut-rose/w/9738091,Josep Ventosa,"Pinot Noir, Trepat",Spain / Cava
06964ee9-6dce-4c28-bb7d-eaad00f757a1,Far Niente Oakville Cabernet Sauvignon,Far Niente Estate Bottled Cabernet Sauvignon,0.80,0.80,4.6,17005,https://www.vivino.com/en/far-niente-estate-bottled-cabernet-sauvignon/w/2158160,Far Niente,Cabernet Sauvignon,United States / California / North Coast / Napa County / Napa Valley / Oakville
06a01e2e-4f46-4e62-aebc-2499e595f64e,Vietti Barbera d'Asti Tre Vigne,Vietti Barbera d'Asti Tre Vigne,1.00,1.00,3.9,15632,https://www.vivino.com/en/vietti-barbera-d-asti-tre-vigne/w/77444,Vietti,Barbera,Italy / Northern Italy / Piemonte / Barbera d'Asti
06b1da84-3372-4bc5-825b-ab5c0e580279,Shafer Hillside Select Cabernet Sauvignon,Shafer Hillside Select Cabernet Sauvignon,1.00,1.00,4.6,11537,https://www.vivino.com/en/shafer-hillside-select-cabernet-sauvignon/w/5274,Shafer,Cabernet Sauvignon,United States / California / North Coast / Napa County / Napa Valley / Stags Leap District
06cf0b4e-eb32-4226-835c-868fd4e5e6d6,Yalumba Reserve Cabernet Sauvignon,Yalumba Family Reserve Cabernet Sauvignon,1.00,1.00,3.5,756,https://www.vivino.com/en/yalumba-family-reserve-cabernet-sauvignon/w/2209708,Yalumba,Cabernet Sauvignon,Australia / South Australia / Barossa / Eden Valley
06f3ced7-786a-404c-9446-8620b3786862,Robert Mondavi Private Selection Vintage Chardonnay,Robert Mondavi Private Selection Vint Chardonnay,0.83,0.83,3.6,18355,https://www.vivino.com/en/robert-mondavi-private-selection-vint-chardonnay-california/w/4000,Robert Mondavi Private Selection,Chardonnay,United States / California
06f52a1f-cdcb-4a69-9bab-0c1b0f115647,Concha y Toro 1551 Chardonnay,Concha y Toro Amelia Chardonnay,0.75,0.75,4,5048,https://www.vivino.com/en/concha-y-toro-amelia-chardonnay/w/1135138,Concha y Toro,Chardonnay,Chile / Aconcagua / Casablanca Valley
07141060-d747-4945-ae46-ce6176ed3791,Hentley Farm The Beauty Shiraz,Hentley Farm The Beauty Shiraz,1.00,1.00,4.3,2123,https://www.vivino.com/en/hentley-farm-the-beauty-shiraz/w/1230955,Hentley Farm,Shiraz/Syrah,Australia / South Australia / Barossa / Barossa Valley
07eca169-936f-48a9-aade-2c1b03fd3d63,Mission Third Chardonnay,Nugan Third Generation Chardonnay,0.67,0.67,3.4,1624,https://www.vivino.com/en/nugan-estate-third-generation-chardonnay/w/74050,Nugan,Chardonnay,Australia / South Eastern Australia
07f8fd57-e1f4-45cb-bb29-2897b4c8ebbb,Brisdale Sparkling Shiraz,N.V. Riddoch Cuvée Coonawarra Sparkling Shiraz,0.67,0.67,3.7,597,https://www.vivino.com/en/riddoch-cuvee-coonawarra-sparkling-shiraz/w/5866627,Riddoch,Shiraz/Syrah,Australia / South Australia / Limestone Coast / Coonawarra
08299490-fd50-4fe4-96b0-5b465a8eab97,Mister Mick Riesling,Mr. Mick Riesling,0.67,0.67,3.5,462,https://www.vivino.com/en/mr-mick-riesling/w/1815568,Mr. Mick,Riesling,Australia / South Australia / Mount Lofty Ranges / Clare Valley
089f1ab7-ea35-422e-ae47-4055f3ed423c,Château Hosanna 2000,Château Hosanna Pomerol,0.67,0.67,4.4,4317,https://www.vivino.com/en/chateau-hosanna-pomerol/w/1100223,Château Hosanna,"Cabernet Franc, Merlot",France / Bordeaux / Libournais / Pomerol
0988ea20-4d1a-4bf0-a1b6-e6b883c7c403,Bottega Fiorentina Rosso 2013,Bottega Rosso di Montalcino Il Vino dei Poeti,0.50,0.50,3.8,3348,https://www.vivino.com/en/bottega-rosso-di-montalcino-il-vino-dei-poeti/w/1190827,Bottega,Sangiovese,Italy / Central Italy / Toscana / Rosso di Montalcino
09a6fe5e-a51b-473a-9192-6b5da9a20b2a,Dom Pérignon Lady Gaga Rosé Luminous 2008,Dom Pérignon Lady Gaga Edition Rosé Champagne,0.67,0.67,4.6,228,https://www.vivino.com/en/dom-perignon-lady-gaga-edition-rose-champagne/w/10051871,Dom Pérignon,"Chardonnay, Pinot Noir",France / Champagne
09ab7f66-c4a2-4fab-8184-45341fc546e6,Red Tree Chardonnay,Redtree Chardonnay,0.50,0.50,3.6,1238,https://www.vivino.com/en/redtree-chardonnay/w/13490,Redtree,Chardonnay,United States / California
09d735b3-1906-4ec4-86c9-3b6949321b17,Headline McLaren Vale Cabernet Sauvignon,Smidge Headline Cabernet Sauvignon,0.60,0.60,3.5,71,https://www.vivino.com/en/smidge-headline-cabernet-sauvignon/w/9357701,Smidge,Cabernet Sauvignon,Australia / South Australia / Fleurieu / McLaren Vale
09e54476-8436-435e-be0b-942b2dc83295,Tojo Moscato Spumante Rosé,Toso Moscato Spumante Rosé,0.67,0.67,3.8,32,https://www.vivino.com/en/toso-moscato-spumante-rose/w/10472837,Toso,Moscato,Italy / Northern Italy / Piemonte
0a0a554b-c89f-422e-a596-09ec0dcc1533,McGuigan The Shortlist Barossa Valley Shiraz,McGuigan The Shortlist Shiraz,0.60,0.60,3.9,2340,https://www.vivino.com/en/mcguigan-the-shortlist-shiraz/w/1196106,McGuigan,Shiraz/Syrah,Australia / South Australia / Barossa / Barossa Valley
0a7004ea-4c65-410a-a651-9b3706b0b51e,Reunite Prosecco,Riunite Prosecco Extra Dry,0.50,0.50,3.9,1275,https://www.vivino.com/en/riunite-prosecco-extra-dry-prosecco-sparkling/w/5803425,Riunite,Glera,Italy / Northern Italy / Veneto / Prosecco
0a7a3ad5-9173-40dc-b6b6-2667b126e728,Casaletti Appassimento Edizione,Caselletti Appassimento Edizione,0.67,0.67,4.2,351,https://www.vivino.com/en/caselletti-appassimento-edizione/w/5650352,Caselletti,"Merlot, Primitivo, Nero di Troia",Italy / Southern Italy / Puglia
0aaa66b5-d82e-41c6-8890-1ed931aa0844,Tavali Betas Blancas Pinot Noir,Tabali Vetas Blancas Pinot Noir,0.60,0.60,3.7,1150,https://www.vivino.com/en/tabali-vetas-blancas-pinot-noir/w/8072565,Tabali,Pinot Noir,Chile / Coquimbo / Limarí Valley
0af6cec3-2fc2-403c-878a-b053f57bb2b7,Hansebert Riesling Sekt,N.V. Fürst von Metternich Riesling Sekt Trocken,0.67,0.67,3.6,4206,https://www.vivino.com/en/de-furst-von-metternich-riesling-sekt-trocken/w/1179567,Fürst von Metternich,Riesling,Germany / Rheingau
0b0c92f0-695f-4eba-b07b-f30e8959212b,Bodegas Murviedro 0% Rosé Sparkling,"N.V. Murviedro Luna Sparkling Rosé 0,0%",0.67,0.67,3.7,51,https://www.vivino.com/en/murviedro-luna-sparkling-rose-0-0/w/8095318,Murviedro,,Spain / Valencia
0b87b137-2f3b-4b31-9e4d-2e293059708a,Château Les Carmes Haut-Brion 2022,Château les Carmes Haut-Brion Pessac-Léognan,0.80,0.80,4.2,8388,https://www.vivino.com/en/chateau-les-carmes-haut-brion-pessac-leognan/w/1379887,Château les Carmes Haut-Brion,Cabernet Franc,France / Bordeaux / Graves / Pessac-Léognan
0b92f121-5c2e-4428-b491-5f22b918babf,Chapoutier Condrieu Coteau de Chéry,M. Chapoutier Condrieu Coteau de Chery,1.00,1.00,4.4,112,https://www.vivino.com/en/m-chapoutier-condrieu-coteau-de-chery/w/2464100,M. Chapoutier,Viognier,France / Rhone Valley / Northern Rhône / Condrieu
0b960b33-a846-46db-a104-bed1f9c67b52,Babich Marlborough Sauvignon Blanc,Babich Family Reserve Sauvignon Blanc,0.75,0.75,4.1,13821,https://www.vivino.com/en/babich-wines-limited-family-reserve-sauvignon-blanc/w/1253168,Babich,Sauvignon Blanc,New Zealand / South Island / Marlborough
0bcc6c7b-cb23-44ac-81d1-63c4b5944b8a,Bomba Tempranillo,Bodegas Bastida Bomba Selección Especial Tempranillo,1.00,1.00,4,5829,https://www.vivino.com/en/bodegas-bastida-bomba-seleccion-especial-tempranillo/w/6806344,Bodegas Bastida,Tempranillo,Spain / Murcia / Jumilla
0c12ffdd-1365-45df-b6d3-2eee26d7acf3,Astrolabe Marlborough Sauvignon Blanc,Astrolabe Marlborough Sauvignon Blanc,1.00,1.00,4.1,7956,https://www.vivino.com/en/astrolabe-marlborough-sauvignon-blanc/w/1164351,Astrolabe,Sauvignon Blanc,New Zealand / South Island / Marlborough
0c16a900-514e-43a0-950f-82a76227eba4,Taittinger Comtes de Champagne Blanc de Blancs 2014,Taittinger Comtes de Champagne Blanc de Blancs,0.95,0.95,4.5,35079,https://www.vivino.com/en/taittinger-comtes-de-champagne-blanc-de-blancs/w/1136950,Taittinger,Chardonnay,France / Champagne
0c1b75e7-a31b-4d13-a926-1b29e0d3e378,Michelot Meursault 1er Cru Genevrières 2022,Domaine Michelot Meursault 1er Cru 'Genevrières',0.83,0.83,4.2,333,https://www.vivino.com/en/domaine-michelot-meursault-1er-cru-genevrieres/w/1201970,Domaine Michelot,Chardonnay,France / Bourgogne / Côte de Beaune / Meursault / Meursault Premier Cru / Meursault 1er Cru 'Genevrières'
0c419908-f611-4fda-89e6-0c807c11e802,Morandé Alameda Sauvignon Blanc,Alameda Sauvignon Blanc,0.95,0.95,3.6,4556,https://www.vivino.com/en/alameda-sauvignon-blanc-central-valley/w/1965409,Alameda,Sauvignon Blanc,Chile / Central Valley
0c519bd8-7d06-4f01-b29c-f7b73f0214bf,Han Cabernet Sauvignon,Casillero del Diablo Cabernet Sauvignon (Reserva),0.67,0.67,3.5,181503,https://www.vivino.com/en/casillero-del-diablo-cabernet-sauvignon-reserva-central-valley/w/1135067,Casillero del Diablo,Cabernet Sauvignon,Chile / Central Valley
0c8d6cd8-a8d9-4c3e-9023-79f2eed44a83,Girard Cabernet Sauvignon,Girard Cabernet Sauvignon,1.00,1.00,4,9455,https://www.vivino.com/en/girard-winery-cabernet-sauvignon/w/1132358,Girard,Cabernet Sauvignon,United States / California / North Coast / Napa County / Napa Valley
0c92707e-4302-45a6-ba0e-ab58a5f3a2fc,Babich Family Estate Single Vineyard Sauvignon Blanc,Babich Single Vineyard Organic Sauvignon Blanc,0.71,0.71,3.9,1955,https://www.vivino.com/en/babich-wines-limited-single-vineyard-organic-sauvignon-blanc-marlborough/w/1142832,Babich,Sauvignon Blanc,New Zealand / South Island / Marlborough
0ca5a1b9-a33b-48b4-b87d-688cc89cb81b,Grace Family Cabernet Sauvignon,Caymus Vineyards Grace Family Vineyard Cabernet Sauvignon,1.00,1.00,4.5,11270,https://www.vivino.com/en/caymus-vineyards-grace-family-vineyard-cabernet-sauvignon/w/5973508,Caymus Vineyards,Cabernet Sauvignon,United States / California / North Coast / Napa County / Napa Valley
0cafd993-09f3-48fe-a5ca-df7242c171bb,Domaine Comte Georges de Vogüé Bonnes-Mares Grand Cru,Domaine Comte Georges de Vogüé Bonnes-Mares Grand Cru,1.00,1.00,4.5,3372,https://www.vivino.com/en/domaine-comte-georges-de-vogue-bonnes-mares-grand-cru/w/83444,Domaine Comte Georges de Vogüé,Pinot Noir,France / Bourgogne / Côte de Nuits / Chambolle-Musigny / Bonnes-Mares Grand Cru
0cda5304-a2e5-4f62-95d8-244617b8a6b9,Santa Alicia Merlot,Santa Alicia Merlot,1.00,1.00,3.2,3357,https://www.vivino.com/en/santa-alicia-merlot/w/2503,Santa Alicia,Merlot,Chile / Central Valley
0d1f28cb-a6b9-4655-a918-5136e6b8689c,Casa El Toqui Reserva Especial Merlot,Viña Casas del Toqui El Toqui Reserva Especial Merlot,0.80,0.80,3.5,3435,https://www.vivino.com/en/vina-casas-del-toqui-el-toqui-reserva-especial-merlot-central-valley/w/7951478,Viña Casas del Toqui,Merlot,Chile / Central Valley
0d2ab554-e533-4340-9bc7-09bc8af55f38,Réserve de Maranges Cabernet Sauvignon,Jean de Marande Réserve de Marande Cabernet Sauvignon,0.75,0.75,3.9,539,https://www.vivino.com/en/jean-de-marande-reserve-de-marande-cabernet-sauvignon/w/5404213,Jean de Marande,Cabernet Sauvignon,France / Vin de Pays / Pays d'Oc
0d4354b9-4b98-4533-beff-5257a48b9616,Doctor Loosen Riesling,Dr. Loosen Dr. L Riesling,0.67,0.67,3.9,47312,https://www.vivino.com/en/dr-loosen-dr-l-riesling/w/24262,Dr. Loosen,Riesling,Germany / Mosel
0d47d3f1-2f6f-4e2e-924d-f2405d725ec0,La Mascota Malbec,Mascota Vineyards La Mascota Malbec,1.00,1.00,3.9,34535,https://www.vivino.com/en/mascota-vineyards-la-mascota-malbec/w/2155557,Mascota Vineyards,Malbec,Argentina / Mendoza
0d4964d5-b17d-49c8-82cc-778b34bd92e8,Batasciolo Pinot Chardonnay Spumante Brut,Batasiolo Pinot - Chardonnay Spumante Brut,0.75,0.75,3.5,1381,https://www.vivino.com/en/batasiolo-pinot-chardonnay-spumante-brut/w/2025985,Batasiolo,"Chardonnay, Pinot Noir",Italy / Northern Italy / Piemonte
0d6ff153-66f3-46cc-bb34-e2a30881ee50,Tohu Marlborough Sauvignon Blanc,Tohu Awatere Valley Sauvignon Blanc,0.75,0.75,4,7367,https://www.vivino.com/en/tohu-awatere-valley-sauvignon-blanc/w/1974537,Tohu,Sauvignon Blanc,New Zealand / South Island / Marlborough
0d782234-ff6d-4dab-bfac-f69de100c45c,Folklore Cabernet Merlot,Folklore Cabernet - Merlot,1.00,1.00,3.6,171,https://www.vivino.com/en/folklore-western-australia-cabernet-merlot/w/8432306,Folklore,"Cabernet Sauvignon, Merlot",Australia / Western Australia
0d7eb7af-5564-4e59-8d8d-1ba0e764f91a,Tojo Moscato Spumante,N.V. Toso Sprintoso Moscato Spumante,0.67,0.67,3.8,1543,https://www.vivino.com/en/toso-sprintoso-moscato-spumante/w/5358504,Toso,Moscato,Italy / Northern Italy / Piemonte
0d81f560-bb6b-4a9b-bb28-54fe06007fac,Avinyó Pétillant Half & Half Blanc Rosé Set,Avinyó Petillant Blanc (Vi d'Agulla),0.50,0.50,4.2,3214,https://www.vivino.com/en/avinyo-petillant-blanc-vi-d-agulla/w/1267273,Avinyó,Macabeo,Spain / Catalunya
0dd39016-2917-4fc4-ae72-5ce8670f0618,Smiley Rosé,Smiley Rosé,1.00,1.00,3.6,310,https://www.vivino.com/en/smiley-rose/w/9691060,Smiley,Merlot,France / Vin de France
0de43c13-df11-4db5-abc0-c2b58ebef2f3,Duckhorn Postmark Chardonnay,Postmark Chardonnay,0.95,0.95,3.8,206,https://www.vivino.com/en/postmark-chardonnay/w/11466640,Postmark,Chardonnay,United States / California / North Coast / Sonoma County
0e1d0b0b-145e-4998-8079-65f4ad700088,Far Road Marlborough Sauvignon Blanc,Pā Road Sauvignon Blanc,0.60,0.60,4.2,10241,https://www.vivino.com/en/pa-road-sauvignon-blanc/w/5374519,Pā Road,Sauvignon Blanc,New Zealand / South Island / Marlborough
0e2fe485-9704-4cb9-a43f-21758304fe2b,Domaine Paquet Bourgogne Chardonnay,Domaine Famille Paquet Bourgogne Chardonnay,1.00,1.00,3.8,2883,https://www.vivino.com/en/domaine-famille-paquet-bourgogne-chardonnay/w/7629337,Domaine Famille Paquet,Chardonnay,France / Bourgogne
0e46b266-a267-432f-9c4c-6503747dbd39,Villa Maria Left Field Sauvignon Blanc,Left Field Sauvignon Blanc,0.95,0.95,4,2403,https://www.vivino.com/en/left-field-sauvignon-blanc/w/3205157,Left Field,Sauvignon Blanc,New Zealand / South Island / Nelson
0e47722a-0284-4952-bf86-06492ae45de7,Catena Zapata Alamos Cabernet Sauvignon,Alamos Cabernet Sauvignon,0.95,0.95,3.6,30678,https://www.vivino.com/en/alamos-cabernet-sauvignon/w/1387085,Alamos,Cabernet Sauvignon,Argentina / Mendoza
0e5501a4-4b82-4178-8fa9-81c2a912b750,Katnook Prodigy Shiraz,Katnook Prodigy Shiraz,1.00,1.00,4.3,1500,https://www.vivino.com/en/au-katnook-prodigy-shiraz/w/78078,Katnook,Shiraz/Syrah,Australia / South Australia / Limestone Coast / Coonawarra
0ec7c261-78bb-4392-a68a-438ea8a4260f,Ancienne Terre Rosé,Bijou Wine Cuvée Jolie Terre de Providence Rosé,0.50,0.50,3.7,1340,https://www.vivino.com/en/bijou-wine-cuvee-jolie-terre-de-providence-rose/w/7303536,Bijou Wine,"Shiraz/Syrah, Grenache, Cinsault",France / Vin de Pays / Pays d'Oc
0f0c5a30-5806-4280-8f49-0a68e3da5f97,Consgard Chardonnay,Ponsard Chevalier Bourgogne Chardonnay,0.50,0.50,3.5,29,https://www.vivino.com/en/ponsard-chevalier-bourgogne-chardonnay/w/1646209,Ponsard Chevalier,Chardonnay,France / Bourgogne
0f1ed48c-8d95-44d2-9f21-5e93eb0405d4,Gioia Chardonnay Non Alcoholic Still,Newblood Non-Alcoholic Chardonnay,0.60,0.60,2.4,45,https://www.vivino.com/en/newblood-non-alcoholic-chardonnay/w/8907408,Newblood,Chardonnay,Australia / Wine of Australia
0f5add81-558b-4eca-aedb-eff4af7ac968,Frescobaldi Pomino Bianco,Castello Pomino Pomino Bianco,0.67,0.67,3.7,9849,https://www.vivino.com/en/castello-pomino-pomino-bianco/w/20972,Castello Pomino,"Pinot Blanc, Chardonnay",Italy / Central Italy / Toscana / Pomino
0fbe4403-1492-4b23-9bfd-e091e1a0ad6c,Submission Red Blend,The Prisoner Red Blend,0.50,0.50,4.4,145874,https://www.vivino.com/en/the-prisoner-red-blend-california/w/7069,The Prisoner,"Shiraz/Syrah, Cabernet Sauvignon, Petite Sirah, Charbono",United States / California
0ff3139d-86b2-4a91-a2cc-9cc0f9a65aee,Bernard Ronclas Rosé Brut,Bernard Lonclas Rosé Brut Champagne,0.50,0.50,3.8,111,https://www.vivino.com/en/bernard-lonclas-rose-brut-champagne/w/2194917,Bernard Lonclas,"Chardonnay, Pinot Noir, Pinot Meunier",France / Champagne
107a1f45-6e55-4239-8de8-00d186391b85,Reitz Eiskwei Zwei Zero,N.V. Leitz Eins Zwei Zero Riesling,0.50,0.50,3.3,1554,https://www.vivino.com/en/leitz-eins-zwei-zero-riesling-de-rudesheim/w/5626772,Leitz,100% Riesling,Germany / Rheingau / Rüdesheim
107a4c9b-89c0-4994-950e-f96a890532bc,Genté Pancion Savigny Les Beaune,Bouchard Père & Fils Savigny-Lès-Beaune Premier Cru Les Lavières,0.50,0.50,4,3727,https://www.vivino.com/en/bouchard-pere-fils-savigny-les-beaune-premier-cru-les-lavieres/w/73249,Bouchard Père & Fils,Pinot Noir,France / Bourgogne / Côte de Beaune / Savigny-lès-Beaune / Savigny-lès-Beaune Premier Cru
117a0f52-6d95-448e-a771-c48ec1ab2d38,Eschendorfer Mâcon Chardonnay,Louis Jadot Mâcon Chardonnay,0.67,0.67,3.9,9083,https://www.vivino.com/en/louis-jadot-macon-chardonnay-macon/w/5910279,Louis Jadot,Chardonnay,France / Bourgogne / Mâconnais / Mâcon
11a03f1d-da0f-430d-bea3-9e182f3adc4d,La La Land Cabernet Sauvignon,Union Sacré Star Lane Vineyard La Passion du Diable Cabernet Sauvignon,0.67,0.67,4.3,136,https://www.vivino.com/en/union-sacre-star-lane-vineyard-la-passion-du-diable-cabernet-sauvignon/w/4774288,Union Sacré,Cabernet Sauvignon,United States / California / Central Coast / Santa Barbara County / Santa Ynez Valley
11a4988d-bc1b-4de7-81ab-1705d89e8621,Jean Balmont Cabernet Sauvignon,Jean Balmont Cabernet Sauvignon,1.00,1.00,3.3,3673,https://www.vivino.com/en/jean-balmont-cabernet-sauvignon/w/2134022,Jean Balmont,Cabernet Sauvignon,France / Vin de Pays / Pays d'Oc
11e01913-af0f-4175-b6cf-1c03f7d6675c,Champagne Billecart-Salmon Le Rosé,Billecart-Salmon Le Rosé Champagne,1.00,1.00,4.3,88,https://www.vivino.com/en/champagne-billecart-salmon-le-rose-champagne/w/13450619,Billecart-Salmon,"Pinot Meunier, Chardonnay, Pinot Noir",France / Champagne
12284878-7fa0-4ed2-bacb-5d65b0e563b9,Francia Chardonnay,Francis Ford Coppola Winery Diamond Collection Chardonnay,0.50,0.50,3.8,16569,https://www.vivino.com/en/francis-ford-coppola-winery-diamond-collection-chardonnay/w/6307,Francis Ford Coppola Winery,Chardonnay,United States / California / Central Coast / Monterey County
122b897a-b447-4f4d-a6ff-f9cea1757556,Zilliken Riesling Trocken,Forstmeister Geltz-Zilliken Saarburger Riesling Trocken Alte Reben,1.00,1.00,4,957,https://www.vivino.com/en/forstmeister-geltz-zilliken-saarburger-riesling-trocken-alte-reben/w/1179617,Forstmeister Geltz-Zilliken,Riesling,Germany / Mosel
1239d641-9dda-4ccf-b1f1-122bafc1e4b7,Hentley Farm Shiraz,Hentley Farm The Marl Shiraz,1.00,1.00,4,1740,https://www.vivino.com/en/hentley-farm-the-marl-shiraz/w/2177609,Hentley Farm,Shiraz/Syrah,Australia / South Australia / Barossa / Barossa Valley
124b314f-582e-4098-b881-0421763061a3,G7 Sauvignon Blanc,The 7th Generation - G7 Sauvignon Blanc,1.00,1.00,3.3,4176,https://www.vivino.com/en/the-7th-generation-sauvignon-blanc/w/3612895,The 7th Generation - G7,Sauvignon Blanc,Chile / Central Valley / Maule Valley / Loncomilla Valley
125cf905-065d-4242-9fb0-248f5d1cf483,Babich Black Label Marlborough Sauvignon Blanc,Babich Black Label Sauvignon Blanc,0.83,0.83,4,15282,https://www.vivino.com/en/babich-wines-limited-black-label-sauvignon-blanc/w/2002401,Babich,Sauvignon Blanc,New Zealand / South Island / Marlborough
12693b20-c1ff-438b-ae68-8a513c26b4d0,Cono Sur 20 Barrels Chardonnay,Cono Sur 20 Barrels Limited Edition Chardonnay,1.00,1.00,3.9,3634,https://www.vivino.com/en/cono-sur-twenty-barrels-limited-edition-chardonnay/w/4598,Cono Sur,Chardonnay,Chile / Aconcagua / Casablanca Valley
12adc7ed-8f50-4bba-bf7b-59ffcf72aae6,Selbach Riesling Incline,J & H Selbach Incline Riesling,1.00,1.00,3.9,3189,https://www.vivino.com/en/j-h-selbach-incline-riesling/w/2252059,J & H Selbach,Riesling,Germany / Mosel
12c21ef4-2d24-4139-9df7-1e95d2c48e94,The Sadie Family Palladius White Wine,Sadie Family Palladius,0.95,0.95,4.4,4182,https://www.vivino.com/en/sadie-family-palladius/w/76817,Sadie Family,"Viognier, Chardonnay, Grenache Blanc, Chenin Blanc",South Africa / Western Cape / Coastal Region / Swartland
12ee340c-c6d1-4556-82c1-4a2be266c678,Cono Sur Bicicleta Sauvignon Blanc,Cono Sur Bicicleta Reserva Sauvignon Blanc,1.00,1.00,3.7,6312,https://www.vivino.com/en/cono-sur-bicicleta-reserva-sauvignon-blanc/w/6704451,Cono Sur,Sauvignon Blanc,Chile / Central Valley
134773c8-4548-4b87-bf91-952fe289cd4b,Boucela Sauvignon Blanc,Oyster Bay Sauvignon Blanc,0.67,0.67,3.9,79592,https://www.vivino.com/en/oyster-bay-sauvignon-blanc/w/9530,Oyster Bay,Sauvignon Blanc,New Zealand / South Island / Marlborough
13521510-75ae-457a-a008-42087ef11510,Duckhorn Three Palms Vineyard Merlot,Duckhorn Three Palms Vineyard Merlot,1.00,1.00,4.4,6873,https://www.vivino.com/en/duckhorn-three-palms-vineyard-merlot/w/1128389,Duckhorn,Merlot,United States / California / North Coast / Napa County / Napa Valley
13745f3c-1ce9-47c3-a25b-d6e6f4c4bd5d,Tussock Jumper Deer Riesling,Tussock Jumper Riesling,0.75,0.75,3.9,2823,https://www.vivino.com/en/tussock-jumper-riesling/w/3537281,Tussock Jumper,Riesling,Germany / Rheinhessen
13af33ed-7579-4230-9d6f-468f9041ae59,Calera Pinot Noir,Calera Pinot Noir,1.00,1.00,4,16412,https://www.vivino.com/en/calera-pinot-noir/w/8258,Calera,Pinot Noir,United States / California / Central Coast
13b90783-d65d-400f-af81-a974eae49fbd,Robert Mondavi Private Selection Sauvignon Blanc,Robert Mondavi Private Selection Vint Sauvignon Blanc,1.00,1.00,3.5,4911,https://www.vivino.com/en/robert-mondavi-private-selection-vint-sauvignon-blanc/w/4002,Robert Mondavi Private Selection,Sauvignon Blanc,United States / California
13cec21c-9b24-47ca-895e-3da5f3ac1469,Berberana Cava Brut,N.V. Berberana Cava Gran Tradicion Brut,1.00,1.00,3.5,2964,https://www.vivino.com/en/berberana-cava-gran-tradicion-brut/w/1172341,Berberana,"Macabeo, Xarel-lo, Parellada",Spain / Cava
13cf0428-7efa-4140-8e12-14398b1dbcdb,Raymond R Collection Cabernet Sauvignon,Raymond The Inaugural R Collection Cabernet Sauvignon,1.00,1.00,3.9,10542,https://www.vivino.com/en/raymond-vineyards-the-inaugural-r-collection-cabernet-sauvignon/w/1179304,Raymond,Cabernet Sauvignon,United States / California
13d97b91-7fb8-45bd-a8dd-1f28b92ccd8c,19 Crimes Cabernet Sauvignon,19 Crimes Cabernet Sauvignon,1.00,1.00,3.7,45070,https://www.vivino.com/en/nineteen-crimes-cabernet-sauvignon-victoria-red-wine-v/w/3736213,19 Crimes,Cabernet Sauvignon,Australia / Victoria
13dd6b83-4031-4d8c-92bf-146922ca2f56,Charles Heidsieck Brut Millésime Champagne,Charles Heidsieck Brut Millésimé,0.95,0.95,4.3,7545,https://www.vivino.com/en/charles-heidsieck-brut-millesime/w/86297,Charles Heidsieck,"Pinot Noir, Chardonnay",France / Champagne
14038333-339a-46c4-b85b-790243be10ed,1865 Selected Vineyard Merlot,San Pedro 1865 Selected Vineyards Cabernet Sauvignon,0.50,0.50,3.9,9526,https://www.vivino.com/en/san-pedro-central-valley-eighteen-sixtyfive-selected-vineyards-cabernet-sauvignon/w/6158938,San Pedro,Cabernet Sauvignon,Chile / Central Valley / Maipo Valley
14064ef8-e520-4378-8d73-aae30ef866d8,Bericanto Prosecco Brut,Belcanto Cuvée Special Valdobbiadene Prosecco Superiore Brut,0.50,0.50,3.7,265,https://www.vivino.com/en/belcanto-cuvee-special-valdobbiadene-prosecco-superiore-brut/w/4606223,Belcanto,Glera,Italy / Northern Italy / Veneto / Prosecco / Conegliano-Valdobbiadene Prosecco
14071d3d-85be-4e57-9b25-bd8843e5e4c2,Selak Sauvignon Blanc,Selaks Premium Selection Sauvignon Blanc,0.67,0.67,3.7,3979,https://www.vivino.com/en/selaks-premium-selection-sauvignon-blanc/w/1109153,Selaks,Sauvignon Blanc,New Zealand / South Island / Marlborough
1407c9d4-8b39-4ab8-82fd-e10a6d99e97c,Pyros Single Vineyard Block Number Four Malbec,Pyros Single Vineyard Block No 4 Malbec,0.71,0.71,4.1,5066,https://www.vivino.com/en/pyros-single-vineyard-block-no-4-malbec/w/3418859,Pyros,Malbec,Argentina / San Juan / Pedernal Valley
1439f69c-748e-43a6-99c2-188dea72ae31,Lapostolle Dalamer Reserva Cabernet Sauvignon,Casillero del Diablo Cabernet Sauvignon (Reserva),0.60,0.60,3.5,181503,https://www.vivino.com/en/casillero-del-diablo-cabernet-sauvignon-reserva-central-valley/w/1135067,Casillero del Diablo,Cabernet Sauvignon,Chile / Central Valley
145865a1-461e-46bb-ab29-3c97668c7dbd,Detunda Frizzante Sparkling Moscato Rosé,Detunda Specially Selected Rosé Moscato Frizzante,0.75,0.75,4.3,29,https://www.vivino.com/en/detunda-specially-selected-rose-moscato-frizzante/w/12396400,Detunda,Moscato,Spain / Castilla
149e4080-42fe-4174-9d65-a52ab1cbf2c1,Château Gruaud-Larose,Château Gruaud Larose Chevalier de Gruaud-Larose Saint-Julien,1.00,1.00,4,153,https://www.vivino.com/en/chateau-gruaud-larose-chevalier-de-gruaud-larose-saint-julien/w/1238055,Château Gruaud Larose,"Cabernet Sauvignon, Cabernet Franc, Merlot",France / Bordeaux / Médoc / Saint-Julien
14a7beb1-dd2d-4943-b671-381ecfef53a8,Pol Roger Rosé Vintage,Pol Roger Brut Vintage Champagne,1.00,1.00,4.3,27231,https://www.vivino.com/en/pol-roger-brut-vintage-champagne/w/11781,Pol Roger,Pinot Noir,France / Champagne
14e1f04f-04e5-41f2-96a4-6a000f1e820d,Callaway Chardonnay,Callaway Cellar Selection Chardonnay,1.00,1.00,3.5,1761,https://www.vivino.com/en/callaway-cellar-selection-chardonnay/w/3051194,Callaway,Chardonnay,United States / California
14fbc3ee-89b3-498c-87f6-2490a354074b,Henschke Mount Edelstone Shiraz,Henschke Mount Edelstone,0.95,0.95,4.4,5551,https://www.vivino.com/en/henschke-mount-edelstone/w/2363901,Henschke,Shiraz/Syrah,Australia / South Australia / Barossa / Eden Valley
151c85a7-6c02-435c-8b71-05245cdd0278,Montes Alpha Cabernet Sauvignon Multi Edition,Montes Montes Alpha Cabernet Sauvignon,0.67,0.67,3.9,65651,https://www.vivino.com/en/montes-montes-alpha-cabernet-sauvignon/w/71294,Montes,Cabernet Sauvignon,Chile / Central Valley / Rapel Valley / Colchagua Valley
15669499-202e-431a-9298-a70345a1482a,Pichini Prosecco Extra Dry,N.V. Piccini Prosecco (Extra Dry),0.67,0.67,3.6,4351,https://www.vivino.com/en/piccini-prosecco-extra-dry/w/1480647,Piccini,100% Glera,Italy / Northern Italy / Veneto / Prosecco
15754679-43b2-4efb-baad-5a75899d741a,Tomt Marlborough Sauvignon Blanc,Tom Eddy TENZ Sauvignon Blanc,0.50,0.50,4,142,https://www.vivino.com/en/tom-eddy-wines-tenz-sauvignon-blanc/w/1637635,Tom Eddy,Sauvignon Blanc,New Zealand / South Island / Marlborough
15a68b9f-9f18-4734-a93c-3adb2ac03573,Leonbaum La Cabane,Plaimont La Cabane du Gascon Sauvignon Blanc Côtes de Gascogne,0.50,0.50,4.1,2331,https://www.vivino.com/en/plaimont-la-cabane-du-gascon-sauvignon-blanc-cotes-de-gascogne/w/3215746,Plaimont,Sauvignon Blanc,France / Vin de Pays / Comté Tolosan / Côtes de Gascogne
15c0cdc7-b5bc-4331-97be-ad7e00cc8e8a,Andeluna Altitude Chardonnay,Andeluna Altitud Chardonnay,0.67,0.67,3.7,1738,https://www.vivino.com/en/andeluna-cellars-altitud-chardonnay/w/80341,Andeluna,Chardonnay,Argentina / Mendoza / Uco Valley / Tupungato
1646b1ca-1437-48ab-bde7-5c1e24725378,Geoff Weaver Bishop Shiraz,Glaetzer Bishop Shiraz,0.50,0.50,4,9960,https://www.vivino.com/en/glaetzer-bishop-shiraz/w/79377,Glaetzer,Shiraz/Syrah,Australia / South Australia / Barossa / Barossa Valley
16a68e24-bac3-4ff6-af85-c426239ffb92,Domaine Lou Ferre et Fils Les Cotilles Pinot Noir,Roux Père & Fils Les Côtilles Pinot Noir,0.57,0.57,3.6,2612,https://www.vivino.com/en/domaine-roux-pere-et-fils-les-cotilles-pinot-noir-cote-de-beaune/w/6126882,Roux Père & Fils,Pinot Noir,France / Bourgogne / Côte de Beaune
18121f21-aae9-4acf-aba9-09f2ca3a3c9b,Viña Lanza Blanco,Viña Lanzar Blanco,0.67,0.67,3.1,669,https://www.vivino.com/en/vina-lanzar-blanco/w/1434720,Viña Lanzar,"Chardonnay, Airen",Spain / Vino de España
18320dc6-e56e-4fa6-862a-71da69948e00,Pellino Prosecco,Perlino Prosecco Extra Dry,0.50,0.50,3.7,2756,https://www.vivino.com/en/perlino-prosecco-extra-dry/w/4810534,Perlino,Glera,Italy / Northern Italy / Veneto / Prosecco
18d8021d-195e-474a-a30e-9416760cb0df,La Gallop Sauvignon Blanc,La Grande Cuvée de Dourthe Bordeaux Sauvignon Blanc,0.67,0.67,3.6,4089,https://www.vivino.com/en/la-grande-cuvee-de-dourthe-bordeaux-sauvignon-blanc/w/1136382,La Grande Cuvée de Dourthe,Sauvignon Blanc,France / Bordeaux
18de1f54-1f2d-4b74-a18e-359738709396,Château Galoupet Cru Classé de Provence,Château du Galoupet Côtes de Provence (Cru Classé) Rouge,1.00,1.00,3.9,1236,https://www.vivino.com/en/chateau-du-galoupet-cotes-de-provence-cru-classe-rouge/w/3309571,Château du Galoupet,"Shiraz/Syrah, Grenache, Mourvedre",France / Provence / Côtes de Provence
191620c4-125b-425f-8a36-dfb8893cbbc8,Sauvignon Blanc,Oyster Bay Sauvignon Blanc,1.00,1.00,3.9,79592,https://www.vivino.com/en/oyster-bay-sauvignon-blanc/w/9530,Oyster Bay,Sauvignon Blanc,New Zealand / South Island / Marlborough
1922ee0d-faa4-4cf9-a5b3-5938e48cfbbb,Joseph Drouhin Laforêt Bourgogne Chardonnay,Joseph Drouhin Laforet Bourgogne Chardonnay,1.00,1.00,3.8,7692,https://www.vivino.com/en/joseph-drouhin-laforet-bourgogne-chardonnay/w/24114,Joseph Drouhin,Chardonnay,France / Bourgogne
193e2ba0-7850-4054-aa56-b0c2234854a9,Terruno Sauvignon Blanc,Mi Terruño Expresión Sauvignon Blanc,1.00,1.00,3.9,441,https://www.vivino.com/en/mi-terruno-expresion-sauvignon-blanc/w/3770866,Mi Terruño,Sauvignon Blanc,Argentina / Mendoza / Uco Valley
194c0c20-2a69-4858-82db-bf4e4a1622e2,Passo Segreto Appassimento Sangiovese Rubicone,Il Passo Segreto Appassimento Sangiovese,0.80,0.80,4,2505,https://www.vivino.com/en/il-passo-segreto-appassimento-sangiovese/w/7558059,Il Passo Segreto,Sangiovese,Italy / Northern Italy / Emilia-Romagna
1955f1af-cdf1-4cea-b340-78335610ee97,Schlumberger Gewurztraminer,Domaines Schlumberger Les Princes Abbés Gewürztraminer Alsace,1.00,1.00,3.9,5383,https://www.vivino.com/en/domaines-schlumberger-les-princes-abbes-gewurztraminer-alsace/w/1215630,Domaines Schlumberger,"Riesling, Gewürztraminer",France / Alsace
195fc137-f22a-49ee-9bb2-369c0b5668fc,Jacob's Creek Johann Shiraz Cabernet Barossa Valley,Jacob's Creek Johann Shiraz - Cabernet,0.95,0.95,4,733,https://www.vivino.com/en/jacob-s-creek-johann-shiraz-cabernet/w/2725,Jacob's Creek,"Shiraz/Syrah, Cabernet Sauvignon",Australia / South Australia / Barossa
1999387e-07f0-48a2-a266-15d83cfdb99a,Blazon Pinot Noir,Blazon Pinot Noir,1.00,1.00,3.9,2117,https://www.vivino.com/en/blazon-pinot-noir/w/1469268,Blazon,Pinot Noir,United States / California / Central Valley / Lodi
19b03f0a-da05-4fbb-a353-79a3b9f8e372,Fantini Grand Cuvée Rosé Swarovski,N.V. Le Grand Courtâge Grande Cuvée Brut Rosé,0.50,0.50,4,1739,https://www.vivino.com/en/grand-courtage-grande-cuvee-brut-rose/w/1536205,Le Grand Courtâge,"Ugni blanc, Chardonnay, Gamay",France / Vin de France
1a0b8815-fbf8-4a7c-b39d-88a8c0304f00,Domaine Jeanin Naltet Mercurey 1er Cru Les Nougues,Domaine Jeannin Naltet Mercurey 1er Cru 'Les Naugues',0.71,0.71,4,412,https://www.vivino.com/en/jeannin-naltet-mercurey-1er-cru-les-naugues/w/5394192,Domaine Jeannin Naltet,Pinot Noir,France / Bourgogne / Côte Chalonnaise / Mercurey / Mercurey Premier Cru / Mercurey 1er Cru 'Les Naugues'
1a0f7d28-11b3-4a6e-b02e-3b0721975bd2,Curator Wine Shiraz,La Motte Wine Estate Pierneef Collection Shiraz - Viognier,0.50,0.50,4.1,8991,https://www.vivino.com/en/la-motte-wine-estate-pierneef-collection-shiraz-viognier/w/8599,La Motte Wine Estate,"Viognier, Shiraz/Syrah",South Africa / Western Cape / Coastal Region / Franschhoek
1a3b4b88-59b6-4622-8eca-d3b282df0c73,Wine Crime Rosé,Domeniile Cuza Wine Crime Rosé,1.00,1.00,3.7,464,https://www.vivino.com/en/domeniile-cuza-wine-crime-rose-dealu-mare/w/9713947,Domeniile Cuza,"Merlot, Shiraz/Syrah, Cabernet Sauvignon",Romania / Dealu Mare
1a567de9-bf6e-41b9-bc74-32983af97580,Alexis Gambal Bourgogne Pinot Noir Cuvée Les Deux Papillons,Alex Gambal Cuvée les Deux Papis Bourgogne Pinot Noir,0.75,0.75,3.8,1292,https://www.vivino.com/en/alex-gambal-cuvee-les-deux-papis-bourgogne-pinot-noir/w/1610509,Alex Gambal,Pinot Noir,France / Bourgogne
1a5ddae8-24b8-4825-b14b-9945bc1e255f,Penfolds One by Penfolds Shiraz,Penfolds One by Penfolds Shiraz,1.00,1.00,3.8,130,https://www.vivino.com/en/penfolds-one-by-penfolds-shiraz/w/11943647,Penfolds,Shiraz/Syrah,Australia / South Australia
1a90b611-41c3-4500-bc11-2b957714a639,Sylvain Pataille Bourgogne Pinot Noir,Sylvain Pataille Bourgogne Pinot Noir,1.00,1.00,4,2155,https://www.vivino.com/en/sylvain-pataille-bourgogne-pinot-noir-bourgogne/w/1409005,Sylvain Pataille,Pinot Noir,France / Bourgogne
1a91dcae-cb87-44eb-a252-6ad81ab88409,Mongeard-Mugneret Bourgogne Pinot Noir,Mongeard-Mugneret Bourgogne Rouge (Pinot Noir),1.00,1.00,3.7,2540,https://www.vivino.com/en/mongeard-mugneret-bourgogne-rouge-pinot-noir/w/779354,Mongeard-Mugneret,Pinot Noir,France / Bourgogne
1aa2aa0d-f396-472a-88a4-615a79c6c59d,Canty Moscato d'Asti,Canti Moscato d'Asti,0.67,0.67,4,3634,https://www.vivino.com/en/it-canti-moscato-d-asti/w/2198945,Canti,Moscato,Italy / Northern Italy / Piemonte / Moscato d'Asti
1aaa50f4-6cf4-4103-94bc-150f37528628,Raveneau Montée de Tonnerre Chablis Premier Cru,Raveneau Chablis Premier Cru 'Montée de Tonnerre',1.00,1.00,4.5,4720,https://www.vivino.com/en/raveneau-chablis-premier-cru-montee-de-tonnerre/w/1214547,Raveneau,Chardonnay,France / Bourgogne / Chablis / Chablis Premier Cru / Chablis 1er Cru 'Montee de Tonnerre'
1ab1eae3-8c73-4564-bc1b-f215f715fc82,Mucho Más Tinto,N.V. Félix Solís Mucho Más Tinto,1.00,1.00,4.1,113132,https://www.vivino.com/en/felix-solis-mucho-mas-tinto/w/6266660,Félix Solís,"Shiraz/Syrah, Tempranillo",Spain / Vino de España
1abc23c2-452f-48ed-adf6-ffea72649bc3,Roger Goulart Coral Rosé Brut,Roger Goulart Cava Coral Brut Rosé,1.00,1.00,3.7,2189,https://www.vivino.com/en/roger-goulart-cava-coral-brut-rose/w/5159591,Roger Goulart,"Pinot Noir, Garnacha",Spain / Cava
1ad0fb2a-5b3f-42bd-a634-27de94a1e81e,Penley Estate Sun of Titan Shiraz,Penley Estate Atlas Son of Titan Shiraz,0.80,0.80,3.6,1018,https://www.vivino.com/en/penley-estate-atlas-son-of-titan-shiraz/w/5020015,Penley Estate,Shiraz/Syrah,Australia / South Australia / Limestone Coast / Coonawarra
1adcd3a6-8807-47d0-b33b-fe581e18fd9f,Sinfonia Cabernet Sauvignon,Sinfonia Cabernet Sauvignon Sweet,1.00,1.00,2.8,363,https://www.vivino.com/en/sinfonia-central-valley-cabernet-sauvignon-sweet/w/5284481,Sinfonia,Cabernet Sauvignon,Chile / Central Valley
1b0dcd39-b88e-4d8b-808e-062a78bbfca5,Laurent Perrier Rosé,N.V. Laurent-Perrier Cuvée Rosé,1.00,1.00,4.4,41938,https://www.vivino.com/en/laurent-perrier-cuvee-rose/w/8305,Laurent-Perrier,100% Pinot Noir,France / Champagne
1b53bcc5-0e64-4aa8-a145-265ed383f7c1,Doctor Faust Riesling Spätlese,Dr.Faust Riesling Spätlese,0.75,0.75,3.4,289,https://www.vivino.com/en/dr-faust-riesling-spatlese/w/2533232,Dr.Faust,Riesling,Germany / Nahe
1b779225-0ed0-4f63-8131-3384eebbe523,35 South Reserve Merlot,McGuigan Reserve Merlot,0.67,0.67,3.8,1001,https://www.vivino.com/en/mcguigan-reserve-merlot/w/2788770,McGuigan,Merlot,Australia / South Australia
1b811e28-5c08-4534-85fb-e3ada139e3e1,Epiphany McLaren Vale Shiraz,Sister's Run Epiphany Shiraz,0.50,0.50,3.9,5896,https://www.vivino.com/en/sister-s-run-epiphany-shiraz/w/1240470,Sister's Run,Shiraz/Syrah,Australia / South Australia / Fleurieu / McLaren Vale
1b963d06-a2b3-4bf5-b5d3-b8954d0bfd4a,Yalumba Oxford Landing Shiraz,Oxford Landing Shiraz,0.95,0.95,3.4,7529,https://www.vivino.com/en/oxford-landing-shiraz/w/51394,Oxford Landing,Shiraz/Syrah,Australia / South Australia
1bda35dd-48ed-41e1-bfa1-927f781aedd0,No Es Pituco Orange Sauvignon Blanc,Philip Shaw Koomooloo Vineyard No. 19 Sauvignon Blanc,0.50,0.50,3.8,475,https://www.vivino.com/en/philip-shaw-koomooloo-vineyard-no-19-sauvignon-blanc/w/1636944,Philip Shaw,Sauvignon Blanc,Australia / New South Wales / Central Ranges / Orange
1bdcd445-5d20-4d82-a2ab-c3bfe4177794,Two Hands Secret Block,Two Hands Secret Block Shiraz,1.00,1.00,4.4,568,https://www.vivino.com/en/two-hands-secret-block-shiraz/w/2052117,Two Hands,Shiraz/Syrah,Australia / South Australia / Barossa / Barossa Valley
1be6dfa8-9579-4824-8ca9-c9e8b9d1a035,Gosset Grande Réserve Brut Non-Vintage,N.V. Gosset Grande Réserve Brut Champagne,0.60,0.60,4.2,17360,https://www.vivino.com/en/gosset-grande-reserve-brut-champagne/w/16526,Gosset,100% Pinot Noir,France / Champagne
1bf3766a-d8a7-4426-864d-3aca72bf0bf0,Textbook Napa Chardonnay,Textbook Premiere Napa Valley Cabernet Sauvignon,0.67,0.67,4.2,8795,https://www.vivino.com/en/textbook-premiere-napa-valley-cabernet-sauvignon/w/9412914,Textbook,Cabernet Sauvignon,United States / California / North Coast / Napa County / Napa Valley / Oakville
1c4e143b-2e6f-4d61-ad48-52f2086df2a6,Ter Sicilian Shiraz,Marks & Spencer Sicilian Shiraz,0.67,0.67,3.4,481,https://www.vivino.com/en/marks-spencer-sicilian-shiraz/w/2644791,Marks & Spencer,Shiraz/Syrah,Italy / Southern Italy / Terre Siciliane
1cbb5792-37c6-42e3-9ab5-34efed2fdb93,Ninja Kick Riesling,Schmitt Söhne Ninja Kicks Riesling,0.67,0.67,3.6,346,https://www.vivino.com/en/schmitt-sohne-gmbh-weinkellerei-ninja-kicks-riesling/w/12450992,Schmitt Söhne,Riesling,Germany / Mosel
1cea24b5-2bfd-4071-b0f6-b7728f1e0a0e,La Petite Gargote Chardonnay,Les Producteurs Réunis La Petite Gargotte Chardonnay,0.67,0.67,3.6,1466,https://www.vivino.com/en/reunis-la-petite-gargotte-chardonnay-vin-de-pays-doc/w/6593023,Les Producteurs Réunis,Chardonnay,France / Vin de Pays / Pays d'Oc
1d59d050-d395-4f45-9e8c-65baeb9772a7,Henkel Blanc de Blancs,N.V. Henkell Blanc de Blancs Dry-Sec,0.67,0.67,3.5,2294,https://www.vivino.com/en/henkell-blanc-de-blancs-dry-sec/w/1486833,Henkell,,Germany / German Wine
1df5aba1-95cd-4ded-8d49-9a49590219fe,Montes Aura Cabernet Sauvignon,La Cura Podere Monte di Muro Vedetta Cabernet Sauvignon,0.50,0.50,4.4,144,https://www.vivino.com/en/la-cura-podere-monte-di-muro-vedetta-cabernet-sauvignon/w/1636255,La Cura,Cabernet Sauvignon,Italy / Central Italy / Toscana / Maremma Toscana
1e9c3b12-e6cf-403c-b0ac-a4f81ad31500,Pike Tradition Riesling,Peter Mertes Tradition Riesling Kabinett Halbtrocken,0.67,0.67,3.7,1621,https://www.vivino.com/en/peter-mertes-tradition-riesling-kabinett-halbtrocken/w/1160761,Peter Mertes Tradition,Riesling,Germany / Rheinhessen
1f092ac9-9e60-42c2-8d02-89f35883d782,Geoff Weaver Wallis Shiraz Grenache,Geoff Merrill Bush Vine GSM (Shiraz - Grenache - Mourvedre),0.60,0.60,4,792,https://www.vivino.com/en/geoff-merrill-bush-vine-gsm-shiraz-grenache-mourvedre/w/724569,Geoff Merrill,"Shiraz/Syrah, Grenache, Mourvedre",Australia / South Australia / Fleurieu / McLaren Vale
1f68db81-ac70-4a58-8a39-016160be8f70,Jimjim Shiraz,Jim Jim Shiraz,0.50,0.50,3.7,1646,https://www.vivino.com/en/jim-jim-shiraz/w/1136254,Jim Jim,Shiraz/Syrah,Australia / South Australia / Fleurieu / McLaren Vale
1f89f75c-1c1e-4134-95b6-8b8d6cc8d2f2,Primus Avi Merlot,Salentein Primus Merlot (Primum),0.67,0.67,4.3,1602,https://www.vivino.com/en/salentein-primus-merlot-primum/w/1666963,Salentein,Merlot,Argentina / Mendoza / Uco Valley / Tunuyán
210bbc55-7fea-4463-952a-dfb7c2a2393d,Shield Sauvignon Blanc,Sheild Sauvignon Blanc,0.67,0.67,4,427,https://www.vivino.com/en/sheild-sauvignon-blanc/w/11431639,Sheild,Sauvignon Blanc,New Zealand / South Island / Nelson
21a706c0-0f4c-4e05-9b6b-0418cf72f69c,Killyhill Regional Riesling,Kirrihill Regional Series Riesling,0.67,0.67,3.6,191,https://www.vivino.com/en/kirrihill-regional-series-riesling-clare-valley/w/5605861,Kirrihill,Riesling,Australia / South Australia / Mount Lofty Ranges / Clare Valley
21b4b00a-9a2c-4796-999d-0eaa1fd82b7e,Dow Chardonnay,Kendall-Jackson Vintner's Reserve Chardonnay,0.50,0.50,3.9,52026,https://www.vivino.com/en/kendall-jackson-vintner-s-reserve-chardonnay/w/2132,Kendall-Jackson,Chardonnay,United States / California
223fc966-cec1-4881-a2f3-3d451c90497c,La Piu Bella Rosé,Viña Vik Winery La Piu Belle Rosé,0.50,0.50,4.2,7304,https://www.vivino.com/en/vina-vik-winery-la-piu-belle-rose/w/6897394,Viña Vik Winery,Malbec,Chile / Central Valley / Rapel Valley / Cachapoal Valley
224360ee-9ad5-4a61-8378-43aacd16c143,Taka Sauvignon Blanc,Taka Sauvignon Blanc,1.00,1.00,4.5,19792,https://www.vivino.com/en/taka-marlborough-sauvignon-blanc/w/3001081,Taka,Sauvignon Blanc,New Zealand / South Island / Marlborough
224a32a8-f39c-4363-866d-b72e484d5f7e,Smith & Hook Cabernet Sauvignon,Smith & Hook Cabernet Sauvignon,1.00,1.00,4,25471,https://www.vivino.com/en/smith-hook-cabernet-sauvignon/w/2979890,Smith & Hook,Cabernet Sauvignon,United States / California / Central Coast
226e129a-282f-4d95-b35d-9d3028abf33d,Russian Jack Sauvignon Blanc,Russian Jack Sauvignon Blanc,1.00,1.00,4.1,15621,https://www.vivino.com/en/russian-jack-sauvignon-blanc/w/1182890,Russian Jack,Sauvignon Blanc,New Zealand / South Island / Marlborough
229a0f8f-4259-4128-bdc9-90837446b9ea,Shafer TD-9 Cabernet Sauvignon,689 - Six Eight Nine Lucky Draw Cabernet Sauvignon,0.67,0.67,3.9,3221,https://www.vivino.com/en/sixhundredeightynine-six-eight-nine-lucky-draw-cabernet-sauvignon/w/8979236,689 - Six Eight Nine,Cabernet Sauvignon,United States / California
22bc5391-77d8-4ce4-8f78-76da7ee4d369,Château de Laborde Bourgogne Pinot Noir Cuvée Essentielle,Château de Laborde - Hervé Kerlann Cuvée H Bourgogne Pinot Noir,0.86,0.86,3.7,1044,https://www.vivino.com/en/chateau-de-laborde-herve-kerlann-cuvee-h-bourgogne-pinot-noir/w/1850982,Château de Laborde - Hervé Kerlann,Pinot Noir,France / Bourgogne
22ebbd9f-dc1b-499e-9a1c-a9f986995f82,Quevedo Dry White Port,N.V. Quevedo Dry White Port,1.00,1.00,3.2,91,https://www.vivino.com/en/pt-quevedo-dry-white-port/w/6896796,Quevedo,"Gouveio, Rabigato, Viosinho",Portugal / Northern Portugal / Duriense / Porto
22ef0585-f16c-485b-9c99-77626c645a60,Château Hosanna Pomerol,Château Hosanna Pomerol,1.00,1.00,4.4,4317,https://www.vivino.com/en/chateau-hosanna-pomerol/w/1100223,Château Hosanna,"Cabernet Franc, Merlot",France / Bordeaux / Libournais / Pomerol
231495e8-d8ce-4cda-923d-ca621bc7fd07,Brancott Marlborough Sauvignon Blanc,Brancott Estate Sauvignon Blanc,0.75,0.75,4,69719,https://www.vivino.com/en/brancott-estate-sauvignon-blanc/w/89188,Brancott Estate,Sauvignon Blanc,New Zealand / South Island / Marlborough
23328497-89d0-4434-82be-c1e91880c128,Robert Mondavi Estate Fumé Blanc,Robert Mondavi Winery Fumé Blanc,0.80,0.80,3.8,8935,https://www.vivino.com/en/robert-mondavi-winery-fume-blanc/w/2421,Robert Mondavi Winery,Sauvignon Blanc,United States / California / North Coast / Napa County / Napa Valley
2368c7bf-a46a-4f5f-bde8-0355eb2d9080,Saint Clair Pioneer Block Pinot Noir,Saint Clair Family Estate Pioneer Block 14 Doctor's Creek Pinot Noir,1.00,1.00,3.8,2055,https://www.vivino.com/en/saint-clair-family-estate-pioneer-block-14-doctor-s-creek-pinot-noir/w/2390863,Saint Clair Family Estate,Pinot Noir,New Zealand / South Island / Marlborough / Blenheim
236e0c0a-fe5b-47c3-869d-b479440a1107,Domaine Michel Magnien Aux Charmes Pinot Noir 2020,Michel Magnien Bourgogne Pinot Noir,0.50,0.50,3.9,1155,https://www.vivino.com/en/michel-magnien-bourgogne-pinot-noir/w/1084058,Michel Magnien,Pinot Noir,France / Bourgogne
236fd20a-72f1-4a30-abae-3d298e71e2c7,Laida Reserva Sauvignon Blanc,Casillero del Diablo Sauvignon Blanc (Reserva),0.75,0.75,3.4,31657,https://www.vivino.com/en/casillero-del-diablo-sauvignon-blanc-reserva-casablanca-valley/w/1135203,Casillero del Diablo,Sauvignon Blanc,Chile / Aconcagua / Casablanca Valley
23806146-3a80-439b-b22f-fc5fd2557104,Kilikanoon Killerman's Run Riesling,Kilikanoon Killerman's Run Riesling,1.00,1.00,3.8,1959,https://www.vivino.com/en/kilikanoon-killerman-s-run-riesling/w/1742264,Kilikanoon,Riesling,Australia / South Australia / Mount Lofty Ranges / Clare Valley
2380a647-a667-4302-ac52-6c2b14ca9080,Columbia Crest H3 Cabernet Sauvignon,Columbia Crest H3 Cabernet Sauvignon,1.00,1.00,3.9,295,https://www.vivino.com/en/columbia-crest-h3-cabernet-sauvignon-horse-heaven-hills/w/8962117,Columbia Crest,Cabernet Sauvignon,United States / Washington / Columbia Valley / Horse Heaven Hills
23b02e7c-1d94-46ba-be4e-f946da184c1c,Fitz Pure Prosecco,N.V. Pure Prosecco,0.95,0.67,3.7,49,https://www.vivino.com/en/pure-veneto-prosecco/w/1599003,Pure,Glera,Italy / Northern Italy / Veneto / Prosecco
23b8dc08-e472-4687-963a-0cfb74c32145,Elizabeth Colombard Sauvignon Blanc Grosmansagne,Anciens Temps Colombard - Sauvignon Blanc,0.60,0.60,3.8,5716,https://www.vivino.com/en/anciens-temps-colombard-sauvignon-blanc/w/2600578,Anciens Temps,"Colombard, Sauvignon Blanc",France / Vin de Pays
23bd8055-6bd7-469b-870c-5715d9856b0f,Michel Mailliard Cuvée Rosé Alexia 1er Cru Brut,Michel Mailliard Cuvée Alexia Brut Rosé Champagne,0.67,0.67,3.9,158,https://www.vivino.com/en/michel-mailliard-cuvee-alexia-brut-rose-champagne/w/2570354,Michel Mailliard,"Chardonnay, Pinot Noir",France / Champagne
23c9158e-fc3b-4e0d-9c25-f51be4b1dc89,Clonakilla Shiraz Viognier,Clonakilla Shiraz - Viognier,1.00,1.00,4.3,4032,https://www.vivino.com/en/clonakilla-shiraz-viognier/w/79492,Clonakilla,Viognier,Australia / New South Wales / Southern New South Wales / Canberra District
23cf582f-15de-493f-bf1b-7858acf57084,Jérôme Prévost La Closerie Fac-similé Rosé Blanc de Noirs Extra Brut,Jérôme Prévost La Closerie Fac-simile Extra Brut Rosé Champagne,0.75,0.75,4.4,1013,https://www.vivino.com/en/jerome-prevost-la-closerie-fac-simile-extra-brut-rose-champagne/w/1607572,Jérôme Prévost,Pinot Meunier,France / Champagne
241723c0-d3f7-40c0-8fc9-23db1218d6e2,Montes Classic Malbec,Montes Classic Series / Reserva Malbec,1.00,1.00,3.7,9766,https://www.vivino.com/en/montes-classic-series-reserva-malbec-colchagua-valley/w/1165612,Montes,Malbec,Chile / Central Valley / Rapel Valley / Colchagua Valley
24777099-4492-4cd6-8015-fb96f27fc235,Orimos Grand Reserve GSM,Trader Joe's Grand Reserve Lot #132 GSM,0.75,0.75,3.7,37,https://www.vivino.com/en/trader-joe-s-grand-reserve-lot-132-gsm/w/12594971,Trader Joe's,"Shiraz/Syrah, Grenache, Mourvedre",United States / California / Central Coast / Santa Barbara County
2496733e-136a-4cde-9a77-d1ce823da358,Tavali Talinai Pinot Noir,Tabali Talinay Pinot Noir,0.50,0.50,3.9,1867,https://www.vivino.com/en/tabali-talinay-pinot-noir/w/1646332,Tabali,Pinot Noir,Chile / Coquimbo / Limarí Valley
24a266c8-9adb-49c3-afcb-be751034bcfb,Curator Shiraz,Curator Shiraz,1.00,1.00,4.2,259,https://www.vivino.com/en/curator-shiraz/w/8904812,Curator,Shiraz/Syrah,Australia / South Australia / Barossa / Barossa Valley
24af334e-93f1-4d44-b875-6e7be51d79a5,Catena Zapata Argentino Malbec,Catena Zapata Malbec Argentino,1.00,1.00,4.5,78388,https://www.vivino.com/en/catena-zapata-malbec-argentino/w/1869,Catena Zapata,Malbec,Argentina / Mendoza
24d511a7-5cf3-4ec3-aed3-c5a34b0dab56,19 Crimes Snoop Cali Red,19 Crimes Snoop Cali Red,1.00,1.00,3.7,35658,https://www.vivino.com/en/nineteen-crimes-snoop-cali-red/w/8546714,19 Crimes,Petite Sirah,United States / California
24f642a8-bde8-42ba-9d02-17fc4c8a073a,Omina Romana Linea Ars Magna Merlot,Ômina Romana Ars Magna Merlot,0.83,0.83,4.2,115,https://www.vivino.com/en/omina-ars-magna-merlot/w/11066303,Ômina Romana,Merlot,Italy / Central Italy / Lazio
2529f2f3-7707-48fa-ab9d-567076d7d784,Château Talbot,Château Talbot Saint-Julien (Grand Cru Classé),1.00,1.00,4.2,54756,https://www.vivino.com/en/chateau-talbot-saint-julien-grand-cru-classe/w/79273,Château Talbot,"Cabernet Sauvignon, Merlot, Petit Verdot",France / Bordeaux / Médoc / Saint-Julien
2543c161-6640-4ca0-a1bc-05f42da9333c,The Prisoner Unshackled Rosé,The Prisoner Unshackled Rosé,1.00,1.00,3.9,1464,https://www.vivino.com/en/the-prisoner-unshackled-rose/w/7895787,The Prisoner,"Shiraz/Syrah, Pinot Noir, Mourvedre, Grenache",United States / California
2550b39e-9cf4-47b4-85da-48bca6bc3443,Brancott Estate Sauvignon Blanc,Brancott Estate Sauvignon Blanc,1.00,1.00,4,69719,https://www.vivino.com/en/brancott-estate-sauvignon-blanc/w/89188,Brancott Estate,Sauvignon Blanc,New Zealand / South Island / Marlborough
268e75a0-edc1-4fb4-a393-0fa0f1f54fba,Luizardo Chablis,Joseph Drouhin Drouhin - Vaudon Chablis Réserve De Vaudon,0.50,0.50,4,21835,https://www.vivino.com/en/joseph-drouhin-drouhin-vaudon-chablis-reserve-de-vaudon/w/1210266,Joseph Drouhin,Chardonnay,France / Bourgogne / Chablis
273e2257-ca9e-4913-aa97-c8eac6273413,High Barcelona Cava Brut,N.V. Codorníu Cuvée Barcelona 1872 Brut Cava,0.67,0.67,3.5,4753,https://www.vivino.com/en/codorniu-cuvee-barcelona-1872-brut-cava/w/2796261,Codorníu,"Parellada, Macabeo, Xarel-lo",Spain / Cava
278f74e1-c9ab-4006-aef1-c3636c25011f,Mio Sparkling Sake,N.V. Sparkling Sake,0.95,0.67,4.1,415,https://www.vivino.com/en/sparkling-sake-mendoza/w/4388010,,,Argentina / Mendoza
27a17ac5-a5c6-473a-aeaf-f514f8bdd726,Fabia Carbone Chardonnay,Favia Carbone Chardonnay,0.67,0.67,4.3,427,https://www.vivino.com/en/favia-carbone-chardonnay/w/7638064,Favia,Chardonnay,United States / California / North Coast / Napa County / Napa Valley / Coombsville
27b99752-b803-474d-951c-7f3302f25ccf,Michael Mondavi Family Spellbound Pinot Noir,Robert Mondavi Private Selection Vint Pinot Noir,0.50,0.50,3.6,28607,https://www.vivino.com/en/robert-mondavi-private-selection-vint-pinot-noir/w/4003,Robert Mondavi Private Selection,Pinot Noir,United States / California
27ffb382-b4ed-40a1-86af-0106069519c5,Philetely Gewürztraminer Riesling,Angove Butterfly Ridge Riesling - Gewürztraminer,0.67,0.67,4.1,8025,https://www.vivino.com/en/angoves-butterfly-ridge-riesling-gewurztraminer/w/1380759,Angove,"Gewürztraminer, Riesling",Australia / South Australia
28552e21-84a8-44de-9085-7b736a6d1222,Hopnob Pinot Noir,HobNob Pinot Noir,0.67,0.67,3.5,7827,https://www.vivino.com/en/hobnob-pinot-noir/w/1137360,HobNob,Pinot Noir,France / Vin de Pays / Pays d'Oc
288f7f6f-bb15-41f3-ac08-8653cea51bfa,Krug Grande Cuvée 172ème Édition,N.V. Krug Grande Cuvée,0.95,0.60,4.6,38361,https://www.vivino.com/en/krug-grande-cuvee/w/7122486,Krug,"52% Pinot Noir, 35% Chardonnay, 13% Pinot Meunier",France / Champagne
2962059a-7b7d-4324-baea-78c7f5ca7dfe,Domaine Zink Riesling,Domaine Zind Humbrecht Riesling Alsace Turckheim,0.67,0.67,3.9,4750,https://www.vivino.com/en/domaine-zind-humbrecht-riesling-alsace-turckheim/w/82293,Domaine Zind Humbrecht,Riesling,France / Alsace
29ab6bcd-b596-45de-b14e-45f084add688,Devils Candy Red Blend,689 - Six Eight Nine Devil's Candy Red Blend,0.67,0.67,4.3,3081,https://www.vivino.com/en/sixhundredeightynine-six-eight-nine-devil-s-candy-red-blend/w/7807804,689 - Six Eight Nine,"Zinfandel, Petite Sirah, Charbono, Shiraz/Syrah, Cabernet Sauvignon",United States / California / North Coast / Napa County / Napa Valley
2a70b3c0-db08-4561-86ad-faf92f5dd7c2,SMW Dichttraum Riesling Sect,Klaus Stülb Riesling Sect Brut,0.50,0.50,4.1,82,https://www.vivino.com/en/klaus-stulb-riesling-sect-brut/w/2417945,Klaus Stülb,Riesling,Germany / Mosel
2b17e2e5-1750-45e8-a378-7b44f5160b3f,Golden Blanc 4 Star Rosé,Vitteaut-Alberti Crémant de Bourgogne Four Stars by Golden Blanc Brut Rosé,0.67,0.67,4.1,28,https://www.vivino.com/en/vitteaut-alberti-cremant-de-bourgogne-four-stars-by-golden-blanc-brut-rose/w/10113655,Vitteaut-Alberti,Pinot Noir,France / Bourgogne / Crémant de Bourgogne
2b3b159f-6878-492a-84b8-5d414d174abb,Château La Mission Haut-Brion,Château La Mission Haut-Brion Pessac-Léognan (Grand Cru Classé de Graves),1.00,1.00,4.5,19953,https://www.vivino.com/en/la-mission-haut-brion-pessac-leognan-grand-cru-classe-de-graves/w/1605285,Château La Mission Haut-Brion,"Merlot, Cabernet Sauvignon, Cabernet Franc, Petit Verdot, Malbec",France / Bordeaux / Graves / Pessac-Léognan
2b4dfa92-8383-42e6-8e95-4194cdfd967c,Moselland Riesling Feinherb,Moselland Piesporter Riesling Feinherb,1.00,1.00,4.1,1237,https://www.vivino.com/en/moselland-piesporter-riesling-feinherb/w/1512939,Moselland,Riesling,Germany / Mosel
2b63a99a-a394-4691-a934-4a9b5306073f,Robert Mondavi Sauvignon Blanc Napa Valley,Robert Mondavi Winery Sauvignon Blanc,0.67,0.67,4,541,https://www.vivino.com/en/robert-mondavi-winery-sauvignon-blanc-napa-valley/w/10556835,Robert Mondavi Winery,Sauvignon Blanc,United States / California / North Coast / Napa County / Napa Valley
2b64dc98-251f-424e-b4a7-d366b2433738,Duarte Número Uno Rosé,Plozza No. 1 Numero Uno,0.67,0.67,4.4,3997,https://www.vivino.com/en/plozza-no-1-numero-uno/w/19713,Plozza,Nebbiolo,Italy / Northern Italy / Lombardia / Terrazze Retiche di Sondrio
2b6a4072-98f0-48f9-9ac8-c56e63a5f7ec,La Fontaine,Durand Réserve Durand Cave de la Petite Fontaine Sancerre,1.00,1.00,4,1511,https://www.vivino.com/en/durand-reserve-durand-cave-de-la-petite-fontaine-sancerre/w/1660675,Durand,Sauvignon Blanc,France / Loire Valley / Upper Loire / Sancerre
2baf899e-3b7b-48c0-8012-c89ab9d5d3bb,Michelot Meursault Clos Saint-Felix Monopole,Domaine Michelot Meursault 'Clos Saint-Felix' Monopole,1.00,1.00,4.2,906,https://www.vivino.com/en/domaine-michelot-meursault-clos-saint-felix-monopole/w/1156972,Domaine Michelot,Chardonnay,France / Bourgogne / Côte de Beaune / Meursault
2bd17a32-f498-453c-a467-0f2d14cbdf05,Delicato Noble Vines 667 Pinot Noir,Noble Vines 667 Pinot Noir,0.95,0.95,3.7,24507,https://www.vivino.com/en/us-noble-sixhundredsixtyseven-pinot-noir/w/1192361,Noble Vines,Pinot Noir,United States / California / Central Coast / Monterey County / Monterey
2bf176c5-2bca-4768-a547-624ea3dd3804,Robert Weil Rheingau Riesling Kabinett,Robert Weil Riesling Kabinett Trocken,0.80,0.80,3.9,3943,https://www.vivino.com/en/robert-weil-riesling-kabinett-trocken/w/1175102,Robert Weil,Riesling,Germany / Rheingau
2bf48a0a-e7e9-41dc-953f-a9f7fe315535,Jean Baptiste Jossaume Bourgogne Pinot Noir,Jean Baptiste Jessiaume Bourgogne Pinot Noir,0.83,0.83,4,316,https://www.vivino.com/en/jean-baptiste-jessiaume-bourgogne-pinot-noir/w/8663174,Jean Baptiste Jessiaume,Pinot Noir,France / Bourgogne
2c289f79-f1bf-4d5f-927b-7d84e5806ad9,Roger Goulart Brut Rosé,Roger Goulart Cava Brut Rosé,1.00,1.00,3.6,3559,https://www.vivino.com/en/roger-goulart-cava-brut-rose/w/1217591,Roger Goulart,"Chardonnay, Macabeo, Xarel-lo, Parellada",Spain / Cava
2c369a16-78b8-45d9-8ac1-c01a0442e396,8 Leguas del Volcán Tempranillo,8Lgends Le Leyenda del Volcán Tempranillo,0.67,0.67,3.7,49,https://www.vivino.com/en/eight-lgends-le-leyenda-del-volcan-tempranillo/w/8483815,8Lgends,Tempranillo,Spain / Castilla
2c36c469-5fc8-4932-b1be-ac9e810d0dee,Emeritus Vineyards Pinot Noir,Emeritus Vineyards Hallberg Ranch Elite Pinot Noir,1.00,1.00,4.2,547,https://www.vivino.com/en/emeritus-vineyards-hallberg-ranch-elite-pinot-noir/w/10986565,Emeritus Vineyards,Pinot Noir,United States / California / North Coast / Sonoma County / Russian River Valley
2c3892db-47d7-4f72-839f-6c38bea93d9e,Auca Don Alfonso Gran Reserva Malbec,San Polo Auka Don Alfonso Malbec Gran Reserva,0.83,0.83,4,138,https://www.vivino.com/en/san-polo-mendoza-auka-don-alfonso-malbec-gran-reserva/w/4587712,San Polo,Malbec,Argentina / Mendoza / Uco Valley
2c3d5ed0-7eb2-4dba-bde6-2e877ffacb17,Wyndam Estate Bin 888 Cabernet Merlot,Wyndham Cabernet - Merlot BIN 888,0.67,0.67,3.3,2290,https://www.vivino.com/en/wyndham-estate-cabernet-merlot-bin-888/w/2569,Wyndham,"Merlot, Cabernet Sauvignon",Australia / South Eastern Australia
2c450f08-f21d-4f72-bbf8-340de213b7c4,Dry River Pinot Noir,Dry River Pinot Noir,1.00,1.00,4.2,1880,https://www.vivino.com/en/dry-river-wines-limited-pinot-noir/w/1765935,Dry River,Pinot Noir,New Zealand / North Island / Wairarapa / Martinborough
2c6d35ab-4305-482c-9d98-5a8935dda4ae,Geyser Peak Cabernet Sauvignon,Geyser Peak Cabernet Sauvignon,1.00,1.00,3.6,3750,https://www.vivino.com/en/geyser-peak-winery-cabernet-sauvignon/w/1678719,Geyser Peak,Cabernet Sauvignon,United States / California
2c8524c5-1bdc-4ff6-b56d-2990edd497b3,Montes Classic Cabernet Sauvignon,Montes Classic Series / Reserva Cabernet Sauvignon,1.00,1.00,3.6,57249,https://www.vivino.com/en/montes-classic-series-reserva-cabernet-sauvignon-colchagua-valley/w/71374,Montes,"Merlot, Cabernet Sauvignon, Malbec",Chile / Central Valley / Rapel Valley / Colchagua Valley
2c98bc82-28b9-4060-bc20-d040bc303cbc,Navarro Correas Reserva Malbec,Navarro Correas Reserva Selección de Parcelas Malbec,1.00,1.00,3.8,12971,https://www.vivino.com/en/ar-navarro-correas-reserva-seleccion-de-parcelas-malbec/w/1376524,Navarro Correas,Malbec,Argentina / Mendoza / Uco Valley / Tunuyán
2cb081a9-9c22-458a-9514-2e1df0006dbf,Duckhorn Napa Valley Cabernet Sauvignon,Duckhorn Napa Valley Cabernet Sauvignon,1.00,1.00,4.3,45658,https://www.vivino.com/en/duckhorn-napa-valley-cabernet-sauvignon/w/3475,Duckhorn,Cabernet Sauvignon,United States / California / North Coast / Napa County / Napa Valley
2cbccc9b-b20e-452f-af19-8de72463bef0,Finca Flichman Misterio Malbec,Finca Flichman Misterio Malbec,1.00,1.00,3.4,9266,https://www.vivino.com/en/finca-flichman-misterio-malbec/w/70974,Finca Flichman,Malbec,Argentina / Mendoza / Barrancas
2cea5225-4cbb-47eb-b93b-c42ed43db470,Connoisseur Single Vineyard Cabernet Sauvignon,San Pedro 1865 Single Vineyard Cabernet Sauvignon,0.80,0.80,3.8,13157,https://www.vivino.com/en/san-pedro-central-valley-eighteen-sixtyfive-single-vineyard-cabernet-sauvignon/w/5900,San Pedro,Cabernet Sauvignon,Chile / Central Valley / Maipo Valley
2d185fc9-ceb0-4aa1-942a-db4ccb7eb288,Dom Pérignon Lady Gaga Rosé Luminous Magnum 2008,Dom Pérignon Lady Gaga Edition Rosé Champagne,0.57,0.57,4.6,228,https://www.vivino.com/en/dom-perignon-lady-gaga-edition-rose-champagne/w/10051871,Dom Pérignon,"Chardonnay, Pinot Noir",France / Champagne
2d433112-867a-46e1-8e9d-9eaf620d06ee,Laventos i Blanc de Nit Rosé,Raventós i Blanc De Nit,0.67,0.67,4,11444,https://www.vivino.com/en/raventos-i-blanc-de-nit-comunidad-autnoma-de-catalua/w/1610937,Raventós i Blanc,Macabeo,Spain / Catalunya
2d44a8cd-b76b-4145-b8dc-b49ef61d32ec,Morandé Alameda Chardonnay,Alameda Chardonnay,0.95,0.95,3.6,1203,https://www.vivino.com/en/alameda-chardonnay/w/1128754,Alameda,Chardonnay,Chile / Central Valley
2d483157-76e4-4de9-9bf3-757b35a5a2a2,Mongraas Intriga,Intriga Cabernet Sauvignon,0.50,0.50,4,11096,https://www.vivino.com/en/intriga-cabernet-sauvignon/w/1209398,Intriga,Cabernet Sauvignon,Chile / Central Valley / Maipo Valley
2d5a1130-52dc-4dba-bd8a-0123448db703,Domaine Geno Boulangé Bourgogne Pinot Noir,Domaine Génot-Boulanger Bourgogne Pinot Noir,0.67,0.67,4,319,https://www.vivino.com/en/domaine-genot-boulanger-bourgogne-pinot-noir/w/1895496,Domaine Génot-Boulanger,Pinot Noir,France / Bourgogne
2df3ae2a-2504-4df0-9979-c050c56701bd,Jacobs Creek Classic Shiraz Cabernet Sauvignon,Jacob's Creek Classic Shiraz - Cabernet,0.67,0.67,3.4,29925,https://www.vivino.com/en/jacob-s-creek-classic-shiraz-cabernet/w/1162019,Jacob's Creek,"Shiraz/Syrah, Cabernet Sauvignon",Australia / South Eastern Australia
2ec335f9-26ca-4eb6-8780-d2e2fb4a6785,Domaine Drouhin Dundee Hill Pinot Noir,Domaine Drouhin Pinot Noir,0.67,0.67,4.1,18801,https://www.vivino.com/en/domaine-drouhin-oregon-pinot-noir/w/1541570,Domaine Drouhin,Pinot Noir,United States / Oregon / Willamette Valley / Dundee Hills
2ed1964e-29d3-4f6c-9fd9-1b6d9d66ac5a,Toller Probstei Riesling Trocken,Hans Baer Riesling Trocken,0.50,0.50,4,30531,https://www.vivino.com/en/hans-baer-riesling-trocken/w/5548979,Hans Baer,Riesling,Germany / Rheinhessen
2f0c06d2-b78f-46e6-ac88-c096368d26c2,Balhondo Cava Brut,N.V. Marques de Monistrol Valhondo Cava Brut,0.50,0.50,3.5,1717,https://www.vivino.com/en/es-marques-de-monistrol-valhondo-cava-brut-gae6a/w/2480682,Marques de Monistrol,"Macabeo, Xarel-lo",Spain / Cava
2f132fc0-3334-41b7-9af0-d60cf8380334,Yalumba 1881 Single Reserve Cabernet Sauvignon,Yalumba Family Reserve Cabernet Sauvignon,0.67,0.67,3.5,756,https://www.vivino.com/en/yalumba-family-reserve-cabernet-sauvignon/w/2209708,Yalumba,Cabernet Sauvignon,Australia / South Australia / Barossa / Eden Valley
2f147965-f272-489c-86bf-1464415947db,Ayelet 1757 Brut Rosé Wine,N.V. Abelé 1757 Brut Rosé Champagne,0.50,0.50,3.9,636,https://www.vivino.com/en/abele-1757-brut-rose-champagne/w/1446078,Abelé 1757,"Pinot Noir, Chardonnay",France / Champagne
2f45678e-6bbe-45bb-bcf9-933d49b1c1ae,Lakburn Pinot Noir,Meiomi Pinot Noir,0.67,0.67,4.1,184971,https://www.vivino.com/en/meiomi-pinot-noir/w/1136137,Meiomi,Pinot Noir,United States / California
2f8f4bd5-7b8f-48bf-a68a-9567bc0b03c6,Moll Wines Violento Malbec,Falasco Wines Hermandad Malbec,0.50,0.50,4.2,9475,https://www.vivino.com/en/falasco-wines-hermandad-malbec/w/5404768,Falasco Wines,Malbec,Argentina / Mendoza / Uco Valley
3013580d-fe76-4aef-9ae8-05ca4b175f0d,Robert Mondavi Napa Valley Chardonnay,Robert Mondavi Winery Chardonnay,0.60,0.60,3.8,8553,https://www.vivino.com/en/robert-mondavi-winery-chardonnay/w/2422,Robert Mondavi Winery,Chardonnay,United States / California / North Coast / Napa County / Napa Valley
328c1352-4fb8-4c07-b9ff-b67cfd781c8a,Boraska Cava Brut,N.V. Codorníu Cava Clasico Brut,0.50,0.50,3.6,24355,https://www.vivino.com/en/codorniu-cava-clasico-brut/w/1180680,Codorníu,"Macabeo, Xarel-lo, Parellada",Spain / Cava
32a15d07-18e8-49c4-a300-24da56dd9aa3,Clay Creek Vineyard Pinot Noir,Clay Creek Vineyards Pinot Noir,0.80,0.80,3.8,2144,https://www.vivino.com/en/clay-creek-vineyards-pinot-noir/w/7973498,Clay Creek Vineyards,Pinot Noir,United States / California / Central Valley / Lodi
32b00784-c256-47ab-9555-479866495269,Marqués de Monistrol Cava Brut,N.V. Marques de Monistrol Cava Brut Selección Especial,1.00,1.00,3.4,4143,https://www.vivino.com/en/es-marques-de-monistrol-cava-brut-seleccion-especial/w/2417481,Marques de Monistrol,"Macabeo, Xarel-lo, Parellada",Spain / Cava
32bde4ca-7144-4bf4-b470-dec5e9a404e1,Hola Chao Sauvignon Blanc,Bodegas Latúe Hola Disfruta Airén - Verdejo - Sauvignon Blanc,0.75,0.75,3.8,327,https://www.vivino.com/en/bodegas-latue-hola-disfruta-airen-verdejo-sauvignon-blanc/w/10668879,Bodegas Latúe,"Sauvignon Blanc, Verdejo, Airen",Spain / Vino de España
32c2a8f3-c9e8-46da-be77-3aa8a21df077,Pierre Damoy Bourgogne Les Lavris Pinot Noir,Guy Pierre Jean Fils Les Dames Huguettes Bourgogne Hautes-côtes de Nuits Pinot Noir,0.67,0.67,3.8,161,https://www.vivino.com/en/guy-pierre-jean-fils-les-dames-huguettes-bourgogne-hautes-cotes-de-nuits-pinot-noir/w/1497318,Guy Pierre Jean Fils,Pinot Noir,France / Bourgogne
32cb9dd1-f028-4f5f-94e4-0d3b99cddf61,Te Ware La Riesling,La Cave d'Augustin Florent Riesling,0.50,0.50,3.5,3999,https://www.vivino.com/en/augustin-florent-riesling-vin-d-alsace/w/1399551,La Cave d'Augustin Florent,Riesling,France / Alsace
32d08f27-b0d8-44b9-9112-3ef1b64284ea,Columbia Crest Two Vines Cabernet Sauvignon,Two Vines Cabernet Sauvignon,0.95,0.95,3.5,5650,https://www.vivino.com/en/us-two-vines-cabernet-sauvignon/w/4518,Two Vines,Cabernet Sauvignon,United States / Washington / Columbia Valley
32f99314-5c7f-4438-ab86-67bfc6a21ba7,Château Angelus,Château Angelus Saint-Émilion Grand Cru (Premier Grand Cru Classé),1.00,1.00,4.5,29066,https://www.vivino.com/en/chateau-angelus-saint-emilion-grand-cru-premier-grand-cru-classe/w/10175,Château Angelus,Merlot,France / Bordeaux / Libournais / Saint-Émilion / Saint-Émilion Grand Cru
3302f5eb-c759-4653-80ca-21a4314422e5,Elephant in the Room Pinot Noir,Elephant In The Room Palatial Pinot Noir,1.00,1.00,3.7,4823,https://www.vivino.com/en/elephant-room-elephant-in-the-room-palatial-pinot-noir/w/5515774,Elephant In The Room,Pinot Noir,Australia / South Australia
3307d97a-7637-49bd-9b2c-6698c465ebc4,Hickinbotham Revivalist Merlot,Hickinbotham The Revivalist Merlot,1.00,1.00,4.2,425,https://www.vivino.com/en/hickinbotham-the-revivalist-merlot/w/2672642,Hickinbotham,Merlot,Australia / South Australia / Fleurieu / McLaren Vale
330efb28-5cb1-4ddb-aa36-0299108b4f9a,Kasolp Family Estate Sauvignon Blanc,Saint Clair Family Estate Vicar's Choice Sauvignon Blanc,0.80,0.80,3.9,15920,https://www.vivino.com/en/saint-clair-family-estate-vicar-s-choice-sauvignon-blanc/w/1100196,Saint Clair Family Estate,Sauvignon Blanc,New Zealand / South Island / Marlborough
334593ee-c150-4b49-8dd3-421da6fb6280,Orchard Rain Marlborough Sauvignon Blanc,Orchard Lane Sauvignon Blanc,0.60,0.60,4.1,2016,https://www.vivino.com/en/orchard-lane-sauvignon-blanc/w/3232839,Orchard Lane,Sauvignon Blanc,New Zealand / South Island / Marlborough
337cbcf5-0866-4181-8694-5b0f2f32d234,1865 Selected Vineyard Shiraz,San Pedro 1865 Selected Vineyards Cabernet Sauvignon,0.50,0.50,3.9,9526,https://www.vivino.com/en/san-pedro-central-valley-eighteen-sixtyfive-selected-vineyards-cabernet-sauvignon/w/6158938,San Pedro,Cabernet Sauvignon,Chile / Central Valley / Maipo Valley
33b92b4f-dc95-42ff-a7a0-4fda0e637e3e,19 Crimes Red Blend,19 Crimes Red Blend,1.00,1.00,4,109621,https://www.vivino.com/en/nineteen-crimes-red-blend/w/2316699,19 Crimes,"Shiraz/Syrah, Merlot, Pinot Noir, Cabernet Sauvignon, Mourvedre, Grenache",Australia / Victoria
33c36f6d-4c88-4c40-92d9-00c5575f4a23,Sylvain Cathiard Pinot Noir,Sylvain Pataille Bourgogne Pinot Noir,0.75,0.75,4,2155,https://www.vivino.com/en/sylvain-pataille-bourgogne-pinot-noir-bourgogne/w/1409005,Sylvain Pataille,Pinot Noir,France / Bourgogne
33c9184c-7f9c-4be3-9fe6-ae55ef27fc3b,Jacques Selosse Rosé Brut,N.V. Jacques Selosse Brut Rosé Champagne,1.00,1.00,4.6,2445,https://www.vivino.com/en/jacques-selosse-brut-rose-champagne/w/1219733,Jacques Selosse,"Chardonnay, Pinot Noir",France / Champagne
3425b9d9-66fc-420c-91cb-da4f10492202,Far Niente Chardonnay,Far Niente Chardonnay,1.00,1.00,4.4,23282,https://www.vivino.com/en/far-niente-chardonnay/w/5115,Far Niente,Chardonnay,United States / California / North Coast / Napa County / Napa Valley
34535652-d165-4f5e-99eb-4f2f55245558,Camoomi Napa Valley Sauvignon Blanc,Duckhorn Napa Valley Sauvignon Blanc,0.80,0.80,3.9,13857,https://www.vivino.com/en/duckhorn-napa-valley-sauvignon-blanc/w/1128386,Duckhorn,Sauvignon Blanc,United States / California / North Coast / Napa County / Napa Valley
3456aff1-5c96-468e-9908-27a72096557d,Columbia Crest H3 Merlot,Columbia Crest Grand Estates Merlot,1.00,1.00,3.7,13615,https://www.vivino.com/en/columbia-crest-grand-estates-merlot/w/4508,Columbia Crest,Merlot,United States / Washington
3458c130-9da2-4775-a17d-e0a26d97fad3,Duckhorn Decoy Cabernet Sauvignon,Decoy Cabernet Sauvignon,0.95,0.95,4,72500,https://www.vivino.com/en/decoy-cabernet-sauvignon-california/w/1128382,Decoy,Cabernet Sauvignon,United States / California
345c74a5-004d-43a5-868b-8129f23e6fc7,Gérard Bertrand Côté Rosé Rosé,Gérard Bertrand Solar 6 Grenache Rosé,0.67,0.67,3.6,788,https://www.vivino.com/en/gerard-bertrand-solar-6-grenache-rose-cevennes/w/5682540,Gérard Bertrand,Grenache,France / Vin de Pays / Pays d'Oc / Cevennes
3464f64a-5429-41ad-8dfc-dcc8d84b3b86,Clare Valley Riesling Trail and Clare Valley Cottage,Clare Valley Riesling,0.95,0.95,3.6,69,https://www.vivino.com/en/clare-valley-riesling-clare-valley-white-wine-v-eyppf/w/82947,,Riesling,Australia / South Australia / Mount Lofty Ranges / Clare Valley
34bac906-ec0b-46c6-96aa-041727e8d699,Armand de Brignac Brut Gold Champagne,N.V. Armand de Brignac Brut Gold Champagne,1.00,1.00,4.4,4974,https://www.vivino.com/en/armand-de-brignac-brut-gold-champagne/w/2240674,Armand de Brignac,"40% Chardonnay, 40% Pinot Noir, 20% Pinot Meunier",France / Champagne
34bc8556-7de3-4761-9ae3-fcb1d8cf394b,Miguel Torres Chile Cordillera Brut,N.V. Miguel Torres Chile Cordillera Brut Pinot Noir,1.00,1.00,3.6,2069,https://www.vivino.com/en/miguel-torres-chile-cordillera-brut-pinot-noir/w/1533757,Miguel Torres Chile,100% Pinot Noir,Chile / Central Valley / Curico Valley
3500962c-8701-4129-a994-69f1c15c12e6,Lapostolle Don Remy Sauvignon Blanc,Lapostolle Grand Selection Sauvignon Blanc,0.60,0.60,3.6,6361,https://www.vivino.com/en/lapostolle-grand-selection-sauvignon-blanc/w/1808938,Lapostolle,Sauvignon Blanc,Chile / Central Valley / Rapel Valley
356aa645-2e0d-49ef-b523-5f32c29005f3,Spring Seed Viola Shiraz,Spring Seed Viola Shiraz,1.00,1.00,3.5,344,https://www.vivino.com/en/spring-seed-viola-shiraz-mclaren-vale/w/1785375,Spring Seed,Shiraz/Syrah,Australia / South Australia / Fleurieu / McLaren Vale
3579142c-1588-493a-a152-e2789e1d1890,Emiliana Adobe Merlot,Emiliana Adobe Merlot (Reserva),1.00,1.00,3.6,6174,https://www.vivino.com/en/emiliana-adobe-merlot-reserva/w/1246889,Emiliana,Merlot,Chile / Central Valley / Rapel Valley
357ab70b-a5c8-4750-8a00-d42c4cb781cd,Han Pinot Noir,Meiomi Pinot Noir,0.67,0.67,4.1,184971,https://www.vivino.com/en/meiomi-pinot-noir/w/1136137,Meiomi,Pinot Noir,United States / California
35a64d87-f653-4ccc-a7e8-6bceebd4d6f8,Domaine A.F. Gros Bourgogne Pinot Noir,Domaine Anne Gros Bourgogne Pinot Noir,1.00,1.00,3.9,1483,https://www.vivino.com/en/domaine-anne-gros-bourgogne-pinot-noir/w/1137840,Domaine Anne Gros,Pinot Noir,France / Bourgogne
35ae5f6e-caf1-4cbd-ba36-51835b9986e1,Tussock Jumper Riesling,Tussock Jumper Riesling,1.00,1.00,3.9,2823,https://www.vivino.com/en/tussock-jumper-riesling/w/3537281,Tussock Jumper,Riesling,Germany / Rheinhessen
35b80fc1-2d08-41d6-95f2-81c05d6da07e,OFPP Pinot Noir,Maison Noir O.P.P. Pinot Noir,0.67,0.67,3.8,5224,https://www.vivino.com/en/us-mouton-noir-o-p-p-pinot-noir/w/1726385,Maison Noir,Pinot Noir,United States / Oregon / Willamette Valley
35cc3cbf-7b66-4899-8424-c0962fac471e,Federico Paternina Cava Brut,Federico Paternina Cava Banda Azul Vintage Brut,1.00,1.00,3.5,6119,https://www.vivino.com/en/federico-paternina-sa-cava-banda-azul-vintage-brut/w/6763556,Federico Paternina,"Macabeo, Xarel-lo, Parellada",Spain / Cava
35fbd6a8-909b-47c0-9182-0d3b9791a732,Moana Park Estate Marlborough Reserve Pinot Noir,Moana Park Estate Single Vineyard Reserve Pinot Noir,0.86,0.86,3.6,269,https://www.vivino.com/en/moana-park-estate-single-vineyard-reserve-pinot-noir/w/3392360,Moana Park Estate,Pinot Noir,New Zealand / South Island / Central Otago
3602bc89-63d7-4647-9d5c-9bff2d868984,Chamomé Napa Valley Cabernet Sauvignon,Duckhorn Napa Valley Cabernet Sauvignon,0.80,0.80,4.3,45658,https://www.vivino.com/en/duckhorn-napa-valley-cabernet-sauvignon/w/3475,Duckhorn,Cabernet Sauvignon,United States / California / North Coast / Napa County / Napa Valley
362a5c2c-6bdb-4115-9bef-e0e12bd1b2e5,Delicato 1924 Bourbon Barrel Aged Cabernet Sauvignon,1924 Wines Double Black Bourbon Barrel Aged Cabernet Sauvignon (Limited Edition),0.86,0.86,4.1,18559,https://www.vivino.com/en/nineteen-twentyfour-wines-double-black-bourbon-barrel-aged-cabernet-sauvignon-limited-edition/w/7739084,1924 Wines,Cabernet Sauvignon,United States / California / Central Valley / Lodi
364372a7-b0d7-4b79-81e2-7e8c28fe8931,Marabelli Pinot Grigio,Marabelle Pinot Grigio,0.67,0.67,4,217,https://www.vivino.com/en/marabelle-pinot-grigio/w/7148349,Marabelle,Pinot Grigio,Italy / Central Italy / Abruzzo / Terre di Chieti
36f04bd4-2176-4662-9715-88f7f7102f8a,Sylvain Cathiard Vosne-Romanée 1er Cru Pinot Noir 2009,Domaine Sylvain Cathiard Vosne-Romanée 1er Cru 'Aux Malconsorts',0.67,0.67,4.5,893,https://www.vivino.com/en/domaine-sylvain-cathiard-vosne-romanee-1er-cru-aux-malconsorts/w/779441,Domaine Sylvain Cathiard,Pinot Noir,France / Bourgogne / Côte de Nuits / Vosne-Romanée / Vosne-Romanée Premier Cru / Vosne-Romanée 1er Cru 'Malconsorts'
3711a84a-da30-4ee2-8dc0-681c9a25ab84,Domaine Michel Magnien Aux Charmes Pinot Noir,Michel Magnien Bourgogne Pinot Noir,0.57,0.57,3.9,1155,https://www.vivino.com/en/michel-magnien-bourgogne-pinot-noir/w/1084058,Michel Magnien,Pinot Noir,France / Bourgogne
373d859f-d11d-4bb3-b35b-3b11aad05087,Krug Clos du Mesnil Blanc de Blancs Brut 2008,N.V. André Robert Les Jardins du Mesnil Blanc de Blancs Brut Champagne Grand Cru 'Le Mesnil-sur-Oger',0.50,0.50,4.2,1702,https://www.vivino.com/en/andre-robert-les-jardins-du-mesnil-blanc-de-blancs-brut-champagne-grand-cru-le-mesnil-sur-oger/w/5494797,André Robert,100% Chardonnay,France / Champagne / Côte des Blancs / Champagne Grand Cru 'Le Mesnil-sur-Oger'
3784dd22-2d6f-40d7-8fc8-3f6a939dd196,Venta la Osa Tempranillo,Bodegas Mano a Mano Venta La Ossa Tempranillo,0.67,0.67,4,5614,https://www.vivino.com/en/mano-a-mano-venta-la-ossa-tempranillo/w/1148433,Bodegas Mano a Mano,Tempranillo,Spain / Castilla
37a3b1f6-8ad7-47a2-80bc-d8bb866b2517,1865 Selected Vineyard Sauvignon Blanc,San Pedro 1865 Selected Vineyards Cabernet Sauvignon,0.60,0.60,3.9,9526,https://www.vivino.com/en/san-pedro-central-valley-eighteen-sixtyfive-selected-vineyards-cabernet-sauvignon/w/6158938,San Pedro,Cabernet Sauvignon,Chile / Central Valley / Maipo Valley
38a8a887-6981-4a9a-a046-2878edfa8327,Petrus 2006,Château Pétrus Pomerol,0.50,0.50,4.7,38038,https://www.vivino.com/en/chateau-petrus-pomerol/w/1166837,Château Pétrus,"Merlot, Cabernet Sauvignon",France / Bordeaux / Libournais / Pomerol
39c4b6e7-653c-4154-8603-b021ac2d6f4c,Bremer Calmont Riesling,Franzen Bremmer Calmont Riesling,0.67,0.67,4.1,1431,https://www.vivino.com/en/de-franzen-bremmer-calmont-riesling/w/1561486,Franzen,Riesling,Germany / Mosel
3a0466ac-8912-4c5b-898b-53d790868073,Longban Reserve Chardonnay,Kendall-Jackson Vintner's Reserve Chardonnay,0.67,0.67,3.9,52026,https://www.vivino.com/en/kendall-jackson-vintner-s-reserve-chardonnay/w/2132,Kendall-Jackson,Chardonnay,United States / California
3a1dc099-4cfe-4568-8751-5d70b7f5a592,L'Ecole No. 41 Columbia Valley Merlot,L'Ecole No 41 Merlot,0.50,0.50,3.9,3031,https://www.vivino.com/en/l-ecole-no-41-merlot/w/7093,L'Ecole No 41,Merlot,United States / Washington / Columbia Valley
3a69d7e3-55e6-4166-9d6d-8c3998d7cda4,Gentlemen's Collection Chardonnay,Gentleman's Collection Chardonnay (Batch No. 7),0.67,0.67,3.7,1818,https://www.vivino.com/en/au-gentlemans-collection-chardonnay-batch-no-7/w/4009475,Gentleman's Collection,Chardonnay,Australia / South Eastern Australia
3ac8165c-b0a3-441e-ac35-cba6f6e58190,Château de Riquewihr Riesling Les Murailles,Louis Irion Domaine du Château de Riquewihr Riesling 'Les Murailles',1.00,1.00,3.9,48,https://www.vivino.com/en/louis-irion-domaine-du-chateau-de-riquewihr-riesling-les-murailles/w/12220654,Louis Irion,Riesling,France / Alsace
3acb3e39-03fb-4b5e-8b84-2db0ce2d9718,Casa della Nonna Anna,Casa Vinicola Bennati Amarone della Valpolicella,0.50,0.50,4.3,5888,https://www.vivino.com/en/casa-vinicola-bennati-amarone-della-valpolicella/w/19490,Casa Vinicola Bennati,"Corvina, Rondinella, Molinara",Italy / Northern Italy / Veneto / Valpolicella / Amarone della Valpolicella
3ad19557-97cd-4690-a60a-4060afd7bb3c,Two Hands The Boy Riesling,Two Hands The Boy Riesling,1.00,1.00,3.7,1221,https://www.vivino.com/en/two-hands-the-boy-riesling/w/2215557,Two Hands,Riesling,Australia / South Australia / Barossa / Eden Valley
3af85d11-04cb-4eb6-9bb0-5dc10d99d984,Addax Napa Valley Cabernet Sauvignon,Addax Cabernet Sauvignon,0.60,0.60,4.6,488,https://www.vivino.com/en/addax-cabernet-sauvignon/w/2430907,Addax,Cabernet Sauvignon,United States / California / North Coast / Napa County / Napa Valley
3b23c492-dd6a-4a8f-9dd3-bdef19045923,Le Bruchgahel Malbec,Le Grand Noir Le Capricieux Malbec,0.50,0.50,4,2184,https://www.vivino.com/en/le-grand-noir-le-capricieux-malbec/w/7923052,Le Grand Noir,Malbec,France / Languedoc-Roussillon
3b2c4ae2-5b55-4df9-b2f3-c3630dfc7655,Montes Alpha Malbec,Montes Montes Alpha Malbec,1.00,1.00,3.9,6553,https://www.vivino.com/en/montes-montes-alpha-malbec/w/1390045,Montes,Malbec,Chile / Central Valley / Rapel Valley / Colchagua Valley
3b3379c0-9748-401c-9d92-df95a1f13140,Cantina Zaccagnini Dal Tralcetto Rosé Terre Chieti,Cantina Zaccagnini Il Vino dal Tralcetto Montepulciano d'Abruzzo,0.67,0.67,3.9,105836,https://www.vivino.com/en/cantina-zaccagnini-il-vino-dal-tralcetto-montepulciano-d-abruzzo/w/1633194,Cantina Zaccagnini,Montepulciano,Italy / Central Italy / Abruzzo / Montepulciano d'Abruzzo
3b3e6379-67f8-4a90-b0ef-db3c990aabb7,Viña Maipo Classic Series Cabernet Sauvignon,Viña Maipo Classic Series Cabernet Sauvignon,1.00,1.00,3.4,5593,https://www.vivino.com/en/vina-maipo-classic-series-cabernet-sauvignon-central-valley-red-wine/w/3962838,Viña Maipo,Cabernet Sauvignon,Chile / Central Valley
3b3f7d36-6a6c-40ee-965a-887b480364d1,Trio Reserva Merlot,Aurora Reserva Merlot,0.67,0.67,3.4,8374,https://www.vivino.com/en/aurora-serra-gaucha-reserva-merlot/w/1262551,Aurora,Merlot,Brazil / Rio Grande do Sul
3b6d063e-7321-4296-b1f3-1957799b3aba,Minimalista Malbec,Argento Minimalista Malbec,1.00,1.00,3.7,1455,https://www.vivino.com/en/argento-minimalista-malbec/w/9520317,Argento,Malbec,Argentina / Mendoza
3b7357fe-6886-4212-add2-989424c53968,Andeluna Raices Chardonnay,Andeluna Raices Chardonnay,1.00,1.00,3.7,601,https://www.vivino.com/en/andeluna-cellars-raices-chardonnay/w/7983416,Andeluna,Chardonnay,Argentina / Mendoza
3b9773d3-9abf-4b00-9815-c7098d4cd519,Chateau Ste. Michelle Columbia Valley Merlot,Chateau Ste. Michelle Merlot,0.67,0.67,3.8,20433,https://www.vivino.com/en/chateau-ste-michelle-merlot/w/1132669,Chateau Ste. Michelle,Merlot,United States / Washington / Columbia Valley
3b9b101b-dbfe-450d-8b3a-fe9edfab044a,Sea Cabriez Rosé,Piscine Sea Sun Rosé,0.50,0.50,4,1097,https://www.vivino.com/en/piscine-sea-sun-rose/w/4923393,Piscine,"Gamay, Negrette, Muscat Blanc",France / Vin de France
3ba1650a-04d5-4b42-9929-a6bb72d83a17,Ktima Gerovassilliou Sauvignon Blanc,Ktima Gerovassiliou (Κτήμα Γεροβασιλείου) Sauvignon Blanc-Fumé,0.75,0.75,4.2,2959,https://www.vivino.com/en/ktima-gerovassiliou-ktema-gerobasileiou-sauvignon-blanc-fume/w/1123729,Ktima Gerovassiliou (Κτήμα Γεροβασιλείου),Sauvignon Blanc,Greece / Macedonia / Thessaloniki / Epanomi
3be557bf-a52f-4abb-843a-1fcfd0aa9c6f,Domaine de Diable Rosé Bonbon,Domaine des Diables Rosé Bonbon Côtes de Provence,0.67,0.67,4.1,1680,https://www.vivino.com/en/domaine-des-diables-rose-bonbon-cotes-de-provence/w/1653951,Domaine des Diables,"Shiraz/Syrah, Grenache, Cinsaut",France / Provence / Côtes de Provence
3be5b0bc-65ad-47cc-8828-1c586f918401,Domaine Bursson Bourgogne Pinot Noir,Domaine Buisson Battault Bourgogne Pinot Noir,0.80,0.80,3.8,204,https://www.vivino.com/en/fr-buisson-battault-bourgogne-pinot-noir/w/4036140,Domaine Buisson Battault,Pinot Noir,France / Bourgogne
3c1758d8-776d-445b-9b41-518caf57ca05,Laurent-Perrier Alexandra Rosé 2004,Laurent-Perrier Alexandra Champagne Rosé (Grande Cuvée),0.75,0.75,4.5,2623,https://www.vivino.com/en/laurent-perrier-alexandra-champagne-rose-grande-cuvee/w/8307,Laurent-Perrier,"Pinot Noir, Chardonnay",France / Champagne
3c27bc4c-7056-49f3-9ba8-e4c8fbdd03bb,Pinot Noir Saint Guillaume,Campet Saint Marie Pinot Noir,0.75,0.75,3.7,3733,https://www.vivino.com/en/campet-saint-marie-pinot-noir-vin-de-pays-vignobles-de-france/w/5946139,Campet Saint Marie,Pinot Noir,France / Vin de France
3c2eea0e-f1e0-439f-95b0-cbbd67c57edc,Robert Mondavi Spotlight Cabernet Sauvignon Napa Valley,Robert Mondavi Winery Premiere Napa Valley Kalon Vineyard Cabernet sauvignon,0.86,0.86,4.2,2501,https://www.vivino.com/en/robert-mondavi-winery-premiere-napa-valley-kalon-vineyard-cabernet-sauvignon/w/1304676,Robert Mondavi Winery,Cabernet Sauvignon,United States / California / North Coast / Napa County / Napa Valley / Oakville
3c6ea9a7-c243-4684-92d6-50dbc18b8fc5,Kilikanoon The Lackey Shiraz,The Lackey Shiraz,0.95,0.95,3.6,4898,https://www.vivino.com/en/the-lackey-shiraz/w/1126493,The Lackey,Shiraz/Syrah,Australia / South Australia
3c823e7f-e7af-459e-a661-7e6587c1a398,Romain Triboi Grand Cru Pur Chardonnay,Romain Tribaut Pur Chardonnay Champagne Grand Cru,0.83,0.83,4,285,https://www.vivino.com/en/romain-tribaut-pur-chardonnay-champagne-grand-cru/w/8505617,Romain Tribaut,Chardonnay,France / Champagne / Champagne Grand Cru
3ca6c7dc-6861-4cba-ab22-458d27990749,Domaine Mongeard-Mugneret Bourgogne Pinot Noir,Mongeard-Mugneret Bourgogne Rouge (Pinot Noir),0.83,0.83,3.7,2540,https://www.vivino.com/en/mongeard-mugneret-bourgogne-rouge-pinot-noir/w/779354,Mongeard-Mugneret,Pinot Noir,France / Bourgogne
3cc66638-d3ae-4dc6-accc-7e95421af6ae,Château La Mission Haut-Brion,Château La Mission Haut-Brion Pessac-Léognan (Grand Cru Classé de Graves),1.00,1.00,4.5,19953,https://www.vivino.com/en/la-mission-haut-brion-pessac-leognan-grand-cru-classe-de-graves/w/1605285,Château La Mission Haut-Brion,"Merlot, Cabernet Sauvignon, Cabernet Franc, Petit Verdot, Malbec",France / Bordeaux / Graves / Pessac-Léognan
3cc79196-0dc3-48d1-b747-0647f2d52c97,Baldivioso Single Vineyard Cabernet Sauvignon,Valdivieso Single Vineyard Cabernet Sauvignon,0.80,0.80,3.5,5127,https://www.vivino.com/en/vina-valdivieso-single-vineyard-cabernet-sauvignon/w/17362,Valdivieso,Cabernet Sauvignon,Chile / Central Valley / Maipo Valley
3ce578ab-bc04-4335-be37-d412bb62f926,Pyros Appellation Malbec,Pyros Appellation Malbec,1.00,1.00,4,5586,https://www.vivino.com/en/pyros-appellation-malbec/w/6904692,Pyros,Malbec,Argentina / San Juan / Pedernal Valley
3ce92e8d-4eed-4e4d-9f8f-72f653d48ccf,Deutz Champagne,N.V. Deutz Classic Brut Champagne,1.00,1.00,4.1,35214,https://www.vivino.com/en/deutz-classic-brut-champagne/w/1178663,Deutz,"Pinot Meunier, Pinot Noir, Chardonnay",France / Champagne
3d05fb1d-4c11-4f97-87fd-5d643e751558,Beringer Bros Bourbon Barrel Cabernet Sauvignon,Beringer Beringer Bros. Bourbon Barrel Aged Cabernet Sauvignon,1.00,1.00,4.1,16746,https://www.vivino.com/en/beringer-beringer-bros-bourbon-barrel-aged-cabernet-sauvignon/w/6111477,Beringer,Cabernet Sauvignon,United States / California
3d1af6fe-5d0a-49cd-a558-15f2666d3f5d,Doctor Loosen Riesling Sparkling,N.V. Dr. Loosen Dr. L Sparkling Riesling,0.75,0.75,3.8,2833,https://www.vivino.com/en/dr-loosen-dr-l-sparkling-riesling/w/1854572,Dr. Loosen,100% Riesling,Germany / Mosel
3d5d7c5c-7445-4a5c-96e8-82379286eed6,Raen Port Loss Pinot Noir,1924 Wines Port Barrel Aged Pinot Noir (Limited Edition),0.60,0.60,4,2753,https://www.vivino.com/en/nineteen-twentyfour-wines-port-barrel-aged-pinot-noir-limited-edition/w/9466169,1924 Wines,Pinot Noir,United States / California
3d5f71b5-f657-4384-8299-cd313364a2bc,Tapas Garnacha,The Tapas Wine Collection Garnacha Rosé,1.00,1.00,3.4,799,https://www.vivino.com/en/the-tapas-wine-collection-garnacha-rose/w/5241887,The Tapas Wine Collection,Garnacha,Spain / Navarra
3df6e34d-b0d9-44db-84f8-92a45307abec,Castlebray Marlborough Sauvignon Blanc,Castlebrae Sauvignon Blanc,0.50,0.50,4.3,1090,https://www.vivino.com/en/castlebrae-sauvignon-blanc/w/11661457,Castlebrae,Sauvignon Blanc,New Zealand / South Island / Marlborough
3df8b56e-d57f-4d0e-99cc-5af5a7e29bbe,Aubert UV-SL Vineyard Sonoma Coast Pinot Noir,Aubert Pinot Noir UV-SL Vineyard,0.67,0.67,4.5,631,https://www.vivino.com/en/aubert-wines-pinot-noir-uv-sl-vineyard/w/2154275,Aubert,Pinot Noir,United States / California / North Coast / Sonoma County / Sonoma Coast
3f490ebe-efc1-4eb3-927c-263e68033b3d,Janty Fancio Bourgogne Chardonnay,Louis Jadot Bourgogne Chardonnay,0.50,0.50,3.9,36230,https://www.vivino.com/en/louis-jadot-bourgogne-chardonnay/w/1134929,Louis Jadot,Chardonnay,France / Bourgogne
3fcbb5ab-3282-4b72-b678-a9f7d006c099,Duckhorn Decoy Red,Decoy California Red Wine,0.50,0.50,3.9,23546,https://www.vivino.com/en/decoy-california-red-wine/w/1128171,Decoy,Merlot,United States / California
409628cd-c73d-467b-aff9-8b85a370c76a,Mi Terruno Hipster Animal Malbec,Mi Terruño Mayacaba Malbec,0.50,0.50,4.2,3281,https://www.vivino.com/en/mi-terruno-mayacaba-malbec/w/1279827,Mi Terruño,Malbec,Argentina / Mendoza
40a15c0e-845b-4722-85db-c28d19723f70,Domaine Jean Pascal Puligny Montrachet Les Enseignères 2022,Joseph Pascal Puligny-Montrachet 'Les Enseignères',0.57,0.57,4.3,1069,https://www.vivino.com/en/joseph-pascal-puligny-montrachet-les-enseigneres-puligny-montrachet/w/1711209,Joseph Pascal,Chardonnay,France / Bourgogne / Côte de Beaune / Puligny-Montrachet
4133ea7e-4824-462d-ab4c-56b5f96d20b2,Baggio Selection Malbec,Salentein Reserve Malbec (Barrel Selection),0.67,0.67,4,91714,https://www.vivino.com/en/salentein-reserve-malbec-barrel-selection/w/1629874,Salentein,Malbec,Argentina / Mendoza / Uco Valley
4142dedd-0378-4401-b377-fb745e26a2ae,Gunter Rock Riesling Qualitätswein,Binderer Saint Ursula Devil's Rock Riesling,0.50,0.50,3.8,4740,https://www.vivino.com/en/binderer-saint-ursula-devil-s-rock-riesling-pfalz/w/1250033,Binderer Saint Ursula,Riesling,Germany / Pfalz
41940973-5c8f-4288-8ebf-421e034d302f,Krug Vintage Champagne,Krug Krug Vintage,0.67,0.67,4.6,20466,https://www.vivino.com/en/krug-krug-vintage/w/79631,Krug,"Pinot Meunier, Pinot Noir, Chardonnay",France / Champagne
425962bf-fa21-4e8f-b40e-6d19943c0238,Matua Winemaker Riley Sauvignon Blanc,Matua Sauvignon Blanc,0.60,0.60,3.9,57861,https://www.vivino.com/en/matua-valley-sauvignon-blanc/w/63564,Matua,Sauvignon Blanc,New Zealand / South Island / Marlborough
4285c4f6-dba0-4653-9c39-ebcf00e1076b,Exodo 4 Meses Lagrima,Bodegas Delampa Éxodo Lagrima Monastrell,0.67,0.67,3.9,742,https://www.vivino.com/en/bodegas-delampa-exodo-lagrima-monastrell/w/4986102,Bodegas Delampa,Monastrell,Spain / Murcia / Jumilla
42af7994-762f-4d6d-b383-8d414e099852,Kaiken Estate Malbec,Kaiken Estate Malbec,1.00,1.00,3.8,15509,https://www.vivino.com/en/kaiken-estate-malbec-mendoza/w/7632063,Kaiken,Malbec,Argentina / Mendoza
42c19b09-b431-466c-8055-672b2c92f8d6,Grant Burge Barossa Ink Shiraz,Grant Burge Wines Barossa Ink Shiraz,1.00,1.00,4.1,25599,https://www.vivino.com/en/grant-burge-wines-barossa-ink-shiraz/w/5310954,Grant Burge Wines,Shiraz/Syrah,Australia / South Australia / Barossa / Barossa Valley
42d5382c-81df-4dfe-9e88-7e0a6d3b47b8,Frescobaldi Pomino Benefizio,Castello Pomino Benefizio Riserva Pomino Bianco,0.67,0.67,4.1,5698,https://www.vivino.com/en/castello-pomino-benefizio-riserva-pomino-bianco/w/1127204,Castello Pomino,Chardonnay,Italy / Central Italy / Toscana / Pomino
42e0aba0-d862-4a6e-b728-b91be36e5018,Château Pichon Longueville Baron 2018,Château Pichon Baron Les Tourelles de Longueville Pauillac,0.80,0.80,4.1,15214,https://www.vivino.com/en/chateau-pichon-baron-les-tourelles-de-longueville-pauillac/w/1135844,Château Pichon Baron,"Merlot, Cabernet Sauvignon, Cabernet Franc",France / Bordeaux / Médoc / Pauillac
42e4465b-5181-43da-9e43-bb222b74875e,Thorn Clarke Milton Park Shiraz 2019,Thorn-Clarke Milton Park Shiraz,0.95,0.95,3.5,5157,https://www.vivino.com/en/thorn-clarke-wines-milton-park-shiraz-south-australia/w/1730359,Thorn-Clarke,Shiraz/Syrah,Australia / South Australia
42e4ac30-b73c-4bbb-8d84-7faea0f8660c,Louis Roederer Carte Blanche NV Champagne,N.V. Louis Roederer Carte Blanche Champagne (Demi-Sec),1.00,1.00,4.2,3224,https://www.vivino.com/en/louis-roederer-carte-blanche-champagne-demi-sec/w/2211821,Louis Roederer,100% Pinot Noir,France / Champagne
43219c9a-b18e-48ac-bc72-a257066d8d87,Drouhin Bourgogne Chardonnay,Joseph Drouhin Bourgogne Chardonnay,1.00,1.00,3.8,8405,https://www.vivino.com/en/joseph-drouhin-bourgogne-chardonnay/w/1236057,Joseph Drouhin,Pinot Noir,France / Bourgogne
4338f96b-5cac-4f78-8a50-f6e9af3e0e21,Triennes Rosé,Triennes Rosé,1.00,1.00,3.9,10622,https://www.vivino.com/en/triennes-rose/w/87838,Triennes,"Chenin Blanc, Cinsault",France / Vin de Pays / Méditerranée
43bc584b-32c3-4668-968d-f0bdedfbe5d2,4000 Malbec,Bodegas Budeguer 4000 Malbec,1.00,1.00,4.1,2348,https://www.vivino.com/en/ar-budeguer-forty-zero-zero-malbec/w/1301663,Bodegas Budeguer,Malbec,Argentina / Mendoza
43d49f44-6f19-4cdf-ab67-00c5a2f800e6,Champagne Guy Charlemagne Rosé,N.V. Guy Charlemagne Rosé Brut Champagne Grand Cru 'Le Mesnil-sur-Oger',1.00,1.00,3.8,286,https://www.vivino.com/en/champagne-guy-charlemagne-rose-brut-champagne-grand-cru-le-mesnil-sur-oger/w/1720165,Guy Charlemagne,100% Pinot Noir,France / Champagne / Côte des Blancs / Champagne Grand Cru 'Le Mesnil-sur-Oger'
43e34fa2-dce9-4984-a0b2-2c98c463eeb4,Flowers Sonoma Pinot Noir,Flowers Pinot Noir,0.75,0.75,4.3,21065,https://www.vivino.com/en/us-flowers-pinot-noir/w/4724,Flowers,Pinot Noir,United States / California / North Coast / Sonoma County / Sonoma Coast
43f0c267-085d-4cb9-9bf2-fcdb28484f7a,Georg Müller Wagner Pinot Noir,Georg Müller Stiftung Pinot Noir,0.80,0.80,3.9,186,https://www.vivino.com/en/georg-muller-stiftung-pinot-noir-rheingau/w/4095059,Georg Müller Stiftung,Pinot Noir,Germany / Rheingau
4412edcf-f7e1-4c6f-a74e-1a7d008222ea,Harrods Chablis,Harrods Chablis,1.00,1.00,3.8,123,https://www.vivino.com/en/harrods-chablis/w/2869700,Harrods,Chardonnay,France / Bourgogne / Chablis
442640ed-5471-4e1d-9b84-3fbb65a7a5d3,Textbook Napa Cabernet Sauvignon,Textbook Premiere Napa Valley Cabernet Sauvignon,1.00,1.00,4.2,8795,https://www.vivino.com/en/textbook-premiere-napa-valley-cabernet-sauvignon/w/9412914,Textbook,Cabernet Sauvignon,United States / California / North Coast / Napa County / Napa Valley / Oakville
4432aaa4-4fb1-4e56-88c0-e9341aad6bc5,Dom Pérignon Plénitude P2 Champagne,Dom Pérignon P2 Plénitude Brut Champagne,1.00,1.00,4.7,10659,https://www.vivino.com/en/dom-perignon-p2-plenitude-brut-champagne/w/3102815,Dom Pérignon,Pinot Noir,France / Champagne
444fa8c9-c2c3-4c95-8e34-e86c863446ad,Karl Loewen Herrenberg Riesling Kabinett,Carl Loewen Herrenberg Riesling Kabinett,0.80,0.80,4.1,870,https://www.vivino.com/en/weingut-carl-loewen-herrenberg-riesling-kabinett/w/4441835,Carl Loewen,Riesling,Germany / Mosel
4468c711-c127-47fd-b0ce-1c97570fab2e,Soho Pink Ship Rosé,Soho Pink Sheep Rosé,0.67,0.67,3.7,100,https://www.vivino.com/en/soho-pink-sheep-rose-marlborough/w/6165233,Soho,Pinot Noir,New Zealand / South Island / Marlborough
44858350-5fd0-4768-861a-88696ccbb6c4,Roceno Nerello Mascalese Rosé,Sibiliana Roceno Nerello Mascalese Rosé,1.00,1.00,3.7,151,https://www.vivino.com/en/sibiliana-roceno-nerello-mascalese-rose/w/6967827,Sibiliana,Nerello Mascalese,Italy / Southern Italy / Terre Siciliane
4488a70f-cafc-4e8c-aedf-63e05e80b7e9,Dashwood Sauvignon Blanc,Dashwood Sauvignon Blanc,1.00,1.00,4,10810,https://www.vivino.com/en/dashwood-sauvignon-blanc/w/24164,Dashwood,Sauvignon Blanc,New Zealand / South Island / Marlborough
448f5778-7ca4-45ff-8361-a2e894dd7124,Bohigas Cava Brut Rosé,N.V. Bohigas Reserva Cava Brut,1.00,1.00,3.8,5524,https://www.vivino.com/en/bohigas-reserva-cava-brut/w/1229249,Bohigas,100% Xarel-lo,Spain / Cava
4499fa6b-1351-4dab-804e-c4a44ee3d2e2,Ropitau Frères Bourgogne Pinot Noir,Ropiteau Freres Pinot Noir Bourgogne,0.80,0.80,3.6,7679,https://www.vivino.com/en/ropiteau-pinot-noir-bourgogne/w/768736,Ropiteau Freres,Pinot Noir,France / Bourgogne
44a4aa8d-53fe-4b55-9440-24df00b1d18f,Little Giant Shiraz,Little Giant Shiraz,1.00,1.00,4,7221,https://www.vivino.com/en/little-giant-barossa-shiraz/w/6447649,Little Giant,Shiraz/Syrah,Australia / South Australia / Barossa
44c07bbf-fd50-49fc-be16-7e4d298abbe4,Cannonball Sonoma Chardonnay,Cannonball Eleven Chardonnay,0.67,0.67,4.1,215,https://www.vivino.com/en/cannonball-eleven-chardonnay/w/8427983,Cannonball,Chardonnay,United States / California / North Coast / Sonoma County / Sonoma Coast
44e5d3a7-1bff-4698-8374-fb9dabe83187,Kosta Browne Gaps Crown Pinot Noir,Kosta Browne Gap's Crown Vineyard Pinot Noir,0.83,0.83,4.6,2616,https://www.vivino.com/en/kosta-browne-gap-s-crown-vineyard-pinot-noir/w/2988844,Kosta Browne,Pinot Noir,United States / California / North Coast / Sonoma County / Sonoma Coast
45005431-7fc3-4839-9ae2-8b9f1cd426d3,Kaiken Ultra Malbec,Kaiken Ultra Malbec,1.00,1.00,3.9,30260,https://www.vivino.com/en/kaiken-ultra-malbec/w/71474,Kaiken,Malbec,Argentina / Mendoza
45217ee0-ff4c-4330-b4ce-c0df7af4038a,Darioush Signature Merlot,Darioush Merlot (Signature),1.00,1.00,4.3,2660,https://www.vivino.com/en/darioush-merlot-signature/w/3882,Darioush,Merlot,United States / California / North Coast / Napa County / Napa Valley
454fa158-e745-47e7-9a96-bbbffb705206,Two Hands Dave's Block Shiraz,Two Hands Dave's Block Shiraz,1.00,1.00,4.2,241,https://www.vivino.com/en/two-hands-dave-s-block-shiraz-mclaren-vale/w/4384856,Two Hands,Shiraz/Syrah,Australia / South Australia / Fleurieu / McLaren Vale
45650580-0dfd-4247-8d66-30aed8e29615,Masson Tass Bourgogne Côte d'Or Pinot Noir,Albert Bichot Secret de Famille Bourgogne Côte d'Or Pinot Noir,0.67,0.67,3.9,1070,https://www.vivino.com/en/albert-bichot-secret-de-famille-bourgogne-cote-d-or-pinot-noir/w/7801334,Albert Bichot,Pinot Noir,France / Bourgogne
4585cfa1-2777-4d5e-a453-3d49252d7d92,Pichini Memoro Vintage,Piccini Memoro Vintage Rosso,0.67,0.67,3.7,311,https://www.vivino.com/en/piccini-memoro-vintage-rosso/w/8311464,Piccini,"Cabernet Sauvignon, Sangiovese, Aglianico, Nero d'Avola",Italy / Central Italy / Toscana
45d05b19-2608-46c9-b14f-e5db560037bb,Hartford Court Russian River Valley Chardonnay,Hartford Court Chardonnay,0.50,0.50,4.1,5746,https://www.vivino.com/en/hartford-court-chardonnay/w/1776823,Hartford Court,Chardonnay,United States / California / North Coast / Sonoma County / Russian River Valley
460ae424-4fa2-457a-bbc2-7e0db32d7673,Viña Lanza Tinto,Viña Lanzar Tinto,0.67,0.67,2.6,1100,https://www.vivino.com/en/vina-lanzar-tinto/w/1202479,Viña Lanzar,,Spain / Vino de España
46417aca-bdb6-4168-ad4e-287cc597e58c,Sisters Run Calbury Hill Barossa Shiraz,Sister's Run Calvary Hill Shiraz,0.50,0.50,4,1102,https://www.vivino.com/en/sister-s-run-calvary-hill-shiraz/w/6639276,Sister's Run,Shiraz/Syrah,Australia / South Australia / Barossa
4687e35d-d05a-4cd7-8b73-4c0cb85e646b,Rolaio Sangria Blanco,N.V. Yellow Tail Sangria Blanco,0.67,0.67,3.6,181,https://www.vivino.com/en/yellow-tail-sangria-blanco-south-eastern/w/4341926,Yellow Tail,100% Chardonnay,Australia / South Eastern Australia
4720746d-3d2d-4ea2-8ea4-4421f515c535,Roches Majes Sanso Grenache Rosé,Gilles Cantons Roches Saintes Grenache - Syrah Rosé,0.50,0.50,3.8,53,https://www.vivino.com/en/gilles-cantons-roches-saintes-grenache-syrah-rose/w/6816972,Gilles Cantons,"Shiraz/Syrah, Grenache",France / Vin de Pays / Pays d'Oc
4721a6a7-0988-47dd-bf5a-5418be506d81,Grovemill News Sauvignon Blanc,Grove Mill Sauvignon Blanc,0.50,0.50,4.1,11989,https://www.vivino.com/en/grove-mill-sauvignon-blanc/w/25004,Grove Mill,Sauvignon Blanc,New Zealand / South Island / Marlborough
489236aa-7ffd-4582-a2ef-4daa7cc7721a,Gaja Gauma Tempranillo Tinto,Toro de Castilla Tempranillo Tinto Semidulce,0.50,0.50,3.5,835,https://www.vivino.com/en/toro-de-castilla-tempranillo-tinto-semidulce/w/1626519,Toro de Castilla,Tempranillo,Spain / Castilla
48c09ecb-dfad-4747-9cd0-cc29213e8551,Domaine Didier Dagueneau Cuvée XXI,Didier Dagueneau (Louis-Benjamin Dagueneau) XXI,0.60,0.60,4.1,266,https://www.vivino.com/en/didier-dagueneau-louis-benjamin-dagueneau-xxi/w/12399886,Didier Dagueneau (Louis-Benjamin Dagueneau),Sauvignon Blanc,France / Loire Valley / Upper Loire / Pouilly-Fumé
491581e7-9c37-4b77-95b5-1822e6d136e8,Windham Estate Bin 444 Cabernet Sauvignon,Wyndham Cabernet Sauvignon BIN 444,0.67,0.67,3.4,2851,https://www.vivino.com/en/wyndham-estate-cabernet-sauvignon-bin-444/w/2561,Wyndham,Cabernet Sauvignon,Australia / South Eastern Australia
4939147f-d123-425e-870c-0482ba8df84a,Greenock Creek Barossa Valley Shiraz,Greenock Creek Alices Shiraz,0.60,0.60,4.2,1907,https://www.vivino.com/en/greenock-creek-alices-shiraz/w/94577,Greenock Creek,Shiraz/Syrah,Australia / South Australia / Barossa / Barossa Valley
49f75ad2-899e-454d-be29-529ad381f85c,Taittinger Prélude Grand Cru Champagne,N.V. Andre Clouet Grande Réserve Brut Champagne Grand Cru 'Bouzy',0.60,0.60,3.9,19576,https://www.vivino.com/en/andre-clouet-grande-reserve-brut-champagne-grand-cru-bouzy/w/1108849,Andre Clouet,100% Pinot Noir,France / Champagne / Montagne de Reims / Champagne Grand Cru 'Bouzy'
4a0a40bb-35d5-4d20-9e84-8b0d69b01dfc,Indomita Forlero Merlot,Indomita Varietal Merlot,0.67,0.67,3.2,1949,https://www.vivino.com/en/indomita-varietal-merlot/w/74073,Indomita,Merlot,Chile / Central Valley
4a1bff2a-b63b-4aa5-91c1-50103f8a3722,Snapper Rock Sauvignon Sauvignon Blanc,Snapper Rock Sauvignon Blanc,1.00,1.00,4,907,https://www.vivino.com/en/snapper-rock-sauvignon-blanc/w/1538813,Snapper Rock,Sauvignon Blanc,New Zealand / South Island / Marlborough
4a1f4fc2-c62f-4303-b7c9-09324a579958,H Shiraz Cuvée,N.V. Riddoch Cuvée Coonawarra Sparkling Shiraz,1.00,1.00,3.7,597,https://www.vivino.com/en/riddoch-cuvee-coonawarra-sparkling-shiraz/w/5866627,Riddoch,Shiraz/Syrah,Australia / South Australia / Limestone Coast / Coonawarra
4a2c34a7-f6c4-42e1-804e-6d25574bed6c,Moët & Chandon Grand Vintage Collection Brut Champagne 1978,Moët & Chandon Grand Vintage Collection Champagne,0.86,0.86,4.3,462,https://www.vivino.com/en/moet-chandon-grand-vintage-collection-champagne/w/10457627,Moët & Chandon,"Chardonnay, Pinot Noir, Pinot Meunier",France / Champagne
4a58403f-5edc-498c-878f-926e321cc749,Marinus Bay Sauvignon Blanc,Oyster Bay Sauvignon Blanc,0.75,0.75,3.9,79592,https://www.vivino.com/en/oyster-bay-sauvignon-blanc/w/9530,Oyster Bay,Sauvignon Blanc,New Zealand / South Island / Marlborough
4a5e62cd-e30e-474f-9a9c-0f2fdfbb4a6d,Harrods Sauvignon Blanc,Harrods Bordeaux Sauvignon Blanc,1.00,1.00,3.7,115,https://www.vivino.com/en/harrods-bordeaux-sauvignon-blanc/w/2720929,Harrods,Sauvignon Blanc,France / Bordeaux
4a6adeb7-88db-4187-b281-76932bafd753,West Wilder Sparkling Rosé,West+Wilder Sparkling Rosé,1.00,1.00,2.9,38,https://www.vivino.com/en/west-wilder-sparkling-rose/w/7235495,West+Wilder,"Pinot Gris, Pinot Noir, Malvasia",United States / California
4ad6853a-1cbc-4573-a74e-0ba850164e76,Woolshed Shiraz,Woolshed Shiraz,1.00,1.00,3.3,368,https://www.vivino.com/en/woolshed-shiraz/w/1255737,Woolshed,Shiraz/Syrah,Australia / Victoria
4afecc10-5c9d-403f-8867-d7930445b14a,Armand de Brignac Blanc de Blancs Champagne,N.V. Armand de Brignac Blanc de Blancs Champagne,1.00,1.00,4.5,507,https://www.vivino.com/en/armand-de-brignac-blanc-de-blancs-champagne/w/1275361,Armand de Brignac,100% Chardonnay,France / Champagne
4b16981a-7f27-4c63-8f4b-d1a7973d8c73,Lapostolle Grand Selection Merlot,Lapostolle Grand Selection Merlot,1.00,1.00,3.5,6998,https://www.vivino.com/en/lapostolle-grand-selection-merlot-rapel-valley-red-wine/w/13746,Lapostolle,Merlot,Chile / Central Valley / Rapel Valley
4b389a46-f59e-46ed-8a1e-a5a92c748739,Dr. Lindemann Premier Selection Chardonnay,Lindeman's Premier Selection Chardonnay,0.75,0.75,3.5,723,https://www.vivino.com/en/lindemans-premier-selection-chardonnay/w/2177,Lindeman's,Chardonnay,Australia / South Eastern Australia
4b681b12-54aa-441e-aaec-f6387aae388a,Finca Las Palmas Malbec,Trapiche Finca Las Palmas Gran Reserva Malbec,1.00,1.00,3.9,3793,https://www.vivino.com/en/trapiche-finca-las-palmas-gran-reserva-malbec-san-carlos/w/4279517,Trapiche,Malbec,Argentina / Mendoza / Uco Valley / San Carlos
4b856980-bfad-48e1-80e9-44f70a04ed2f,Luc Belaire Rosé Phantom,N.V. Luc Belaire Rosé (Rare),0.67,0.67,3.9,3873,https://www.vivino.com/en/luc-belaire-rose-rare/w/1468538,Luc Belaire,"Shiraz/Syrah, Cinsault, Grenache",France / Provence
4b98b626-9256-48f2-a65d-0dcc4e1083b9,Charlemagne Grand Cru Domaine Bonneau du Martray,Bonneau du Martray Corton-Charlemagne Grand Cru,0.83,0.83,4.4,12307,https://www.vivino.com/en/bonneau-du-martray-corton-charlemagne-grand-cru/w/82779,Bonneau du Martray,Chardonnay,France / Bourgogne / Côte de Beaune / Corton Grand Cru / Corton-Charlemagne Grand Cru
4ba4d8d4-65ac-4b04-9b49-b1262abc2441,Luizado Bourgogne Pinot Noir,Louis Jadot Bourgogne Pinot Noir,0.75,0.75,3.6,51280,https://www.vivino.com/en/louis-jadot-bourgogne-pinot-noir/w/1135000,Louis Jadot,Pinot Noir,France / Bourgogne
4ba83219-4049-48c3-9ba2-808bdb221e6d,Saint Clare Vicar's Choice Sauvignon Blanc Sparkling,Saint Clair Family Estate Vicar's Choice Sauvignon Blanc,0.71,0.71,3.9,15920,https://www.vivino.com/en/saint-clair-family-estate-vicar-s-choice-sauvignon-blanc/w/1100196,Saint Clair Family Estate,Sauvignon Blanc,New Zealand / South Island / Marlborough
4bcf11aa-dcfc-4ad0-b17b-addb44faf300,Bodegas Ben Marco Malbec,Bodegas la Rosa Hereford Malbec,0.50,0.50,3.3,8641,https://www.vivino.com/en/ar-bodegas-la-rosa-hereford-malbec/w/1586558,Bodegas la Rosa,Malbec,Argentina / Mendoza
4bcfa8fd-d7bf-4203-9e36-1ac2fcb24ab8,Penfolds Koonunga Hill Chardonnay,Penfolds Koonunga Hill Chardonnay,1.00,1.00,3.5,14566,https://www.vivino.com/en/penfolds-koonunga-hill-chardonnay/w/1989,Penfolds,Chardonnay,Australia / South Australia
4bd78587-f5d7-4c7f-b5df-2952753690d4,Veuve Clicquot Yellow Label,N.V. Veuve Clicquot Brut (Carte Jaune) Champagne,0.50,0.50,4.3,147009,https://www.vivino.com/en/veuve-clicquot-brut-carte-jaune-champagne/w/1128385,Veuve Clicquot,"52% Pinot Noir, 30% Chardonnay, 18% Pinot Meunier",France / Champagne
4bea22ff-1f8e-4eac-8a3f-9bf1042ff6d6,Jaffelin Bourgogne Pinot Noir Les Chapits,Jaffelin Les Chapitres Bourgogne Pinot Noir,0.80,0.80,3.6,6231,https://www.vivino.com/en/jaffelin-les-chapitres-bourgogne-pinot-noir/w/1506617,Jaffelin,Pinot Noir,France / Bourgogne
4c112713-c90c-433b-875b-f4181101dacc,Alpaca Cabernet Merlot,Alpaca Cabernet Sauvignon - Merlot,1.00,1.00,2.9,4807,https://www.vivino.com/en/alpaca-cabernet-sauvignon-merlot/w/2315527,Alpaca,"Cabernet Sauvignon, Merlot",Chile / Central Valley
4c39c75a-787e-4978-b523-9984c483f7ae,Domaine Jeanin Naltet Mercurey 1er Cru Les Naugues 2023,Domaine Jeannin Naltet Mercurey 1er Cru 'Les Naugues',0.75,0.75,4,412,https://www.vivino.com/en/jeannin-naltet-mercurey-1er-cru-les-naugues/w/5394192,Domaine Jeannin Naltet,Pinot Noir,France / Bourgogne / Côte Chalonnaise / Mercurey / Mercurey Premier Cru / Mercurey 1er Cru 'Les Naugues'
4c44b21b-ac7b-4821-8de5-1cbf74eca6d8,Columbia Crest Reserve Cabernet Sauvignon,Columbia Crest Horse Heaven Hills Reserve Cabernet Sauvignon,1.00,1.00,3.9,3601,https://www.vivino.com/en/columbia-crest-horse-heaven-hills-reserve-cabernet-sauvignon/w/7569643,Columbia Crest,Cabernet Sauvignon,United States / Washington / Columbia Valley / Horse Heaven Hills
4c5011a6-4d12-4ee9-bd3b-c53e6e390635,Invivo Sparkling Sauvignon Blanc,Invivo Sauvignon Blanc Sparkling,1.00,1.00,3.8,624,https://www.vivino.com/en/invivo-sauvignon-blanc-sparkling/w/1610401,Invivo,Sauvignon Blanc,New Zealand / South Island / Marlborough
4c562e02-789f-4917-bfcb-6b9d1f2b6e26,Château Latour Fortes de Latour,Château Latour Les Forts de Latour Pauillac,0.75,0.75,4.4,15399,https://www.vivino.com/en/fr-chateau-latour-les-forts-de-latour-pauillac/w/1168676,Château Latour,Cabernet Sauvignon,France / Bordeaux / Médoc / Pauillac
4c7a875c-c088-4b35-adcd-0a91fccac71c,The Better Half Marlborough Sauvignon Blanc,The Better Half Sauvignon Blanc,0.80,0.80,4,1979,https://www.vivino.com/en/the-better-half-sauvignon-blanc/w/1981838,The Better Half,Sauvignon Blanc,New Zealand / South Island / Marlborough
4c86684c-d3ef-4fbd-ae16-20f7d01d573c,Marqués de Casa Concha Cabernet Sauvignon,Marques de Casa Concha Cabernet Sauvignon,1.00,1.00,3.9,82880,https://www.vivino.com/en/marques-de-casa-concha-cabernet-sauvignon/w/1135073,Marques de Casa Concha,Cabernet Sauvignon,Chile / Central Valley / Maipo Valley / Puente Alto
4c89bd5d-4299-49ac-b785-b0860f77d446,Castano Rosé Semi Sweet,N.V. Stella Rosa Pink Semi-Sweet Rose,0.50,0.50,4,1959,https://www.vivino.com/en/stella-rosa-pink-semi-sweet-rose/w/2006166,Stella Rosa,100% Moscato,Italy / Northern Italy / Piemonte
4ccb45ce-0c0f-4951-941b-938306e4d025,Rapaura Springs South Brook Vineyard Pinot Noir,Rapaura Springs South Brook Vineyard Pinot Noir,1.00,1.00,4.1,120,https://www.vivino.com/en/rapaura-springs-south-brook-vineyard-pinot-noir/w/9718508,Rapaura Springs,Pinot Noir,New Zealand / South Island / Marlborough
4cd19cc2-6c71-4c30-b763-2e78dd971264,Bottega Florentia Rosso Toscana,Bottega Florenzia Rosso,0.50,0.50,4.1,339,https://www.vivino.com/en/bottega-florenzia-rosso-tuscany/w/6808212,Bottega,"Cabernet Sauvignon, Sangiovese",Italy / Central Italy / Toscana
4cf95a22-161f-45d0-b33f-113a2753a06e,Roche Mazet Cabernet Sauvignon,Roche Mazet Cuvée Spéciale Cabernet Sauvignon,1.00,1.00,3.5,25703,https://www.vivino.com/en/fr-roche-mazet-cuvee-speciale-cabernet-sauvignon/w/1614157,Roche Mazet,Cabernet Sauvignon,France / Vin de Pays / Pays d'Oc
4d0157d3-0763-44d8-8adb-b15523992fa8,Macpherson Grenache Rosé,McPherson Lucie's Promise Grenache Rosé,0.50,0.50,3.8,337,https://www.vivino.com/en/mcpherson-5781-lucie-s-promise-grenache-rose-south-eastern/w/5544864,McPherson,Grenache,Australia / South Eastern Australia
4d0c85e8-6a34-4ce5-993b-2174cbd466b4,Longban Reserve Cabernet Sauvignon,Kendall-Jackson Vintner's Reserve Cabernet Sauvignon,0.75,0.75,3.8,25655,https://www.vivino.com/en/kendall-jackson-vintner-s-reserve-cabernet-sauvignon/w/2140,Kendall-Jackson,Cabernet Sauvignon,United States / California / North Coast / Sonoma County
4d2dc2e2-bcb6-41e9-a4cd-c299c1412451,Le Petit Cachot Chardonnay,Le Petit Cochonnet Chardonnay,0.67,0.67,3.5,952,https://www.vivino.com/en/le-petit-cochonnet-chardonnay/w/1807693,Le Petit Cochonnet,Chardonnay,France / Vin de Pays / Pays d'Oc
4d85aacc-627e-4007-8b32-d7452352c97c,Alumnea Nero d'Avola Merlot Sicily Organic,Allumea Organic Nero d'Avola - Merlot,0.67,0.67,3.9,504,https://www.vivino.com/en/allumea-organic-nero-d-avola-merlot/w/7583028,Allumea,"Nero d'Avola, Merlot",Italy / Southern Italy / Terre Siciliane / Sicilia
4f05c1f1-6127-45c9-bc52-b2ea41319a1c,Pas Si Bete Grand Reserve Chardonnay,Domaine Saint Philippe Pas Si Vite Grande Réserve Chardonnay,0.60,0.60,4.2,589,https://www.vivino.com/en/domaine-saint-philippe-pas-si-vite-grande-reserve-chardonnay/w/11131279,Domaine Saint Philippe,Chardonnay,France / Vin de Pays / Pays d'Oc
4f06584a-66a0-488a-9cf4-02bf13562bfa,Piu Piu Riesling Pét-Nat,Buttonwood Grove Riesling Pét-Nat,0.60,0.60,3.8,86,https://www.vivino.com/en/buttonwood-grove-riesling-pet-nat/w/8875877,Buttonwood Grove,Riesling,United States / New York / Finger Lakes
4f42ce27-51a2-478a-b925-dac23232122b,Silvia's House,Mud House Sauvignon Blanc,0.50,0.50,4,45934,https://www.vivino.com/en/mud-house-sauvignon-blanc/w/31464,Mud House,Sauvignon Blanc,New Zealand / South Island / Marlborough
4fb169a3-c6d9-4d90-839e-635a790829f4,Montes Alpha Black Label Cabernet Sauvignon,Montes Montes Alpha Cabernet Sauvignon,0.67,0.67,3.9,65651,https://www.vivino.com/en/montes-montes-alpha-cabernet-sauvignon/w/71294,Montes,Cabernet Sauvignon,Chile / Central Valley / Rapel Valley / Colchagua Valley
51c7ff72-b2d2-492b-a535-2cf10b5bff33,Robert Mondavi Vint Private Selection Buttery Chardonnay,Robert Mondavi Private Selection Vint Buttery Chardonnay,1.00,1.00,3.9,5537,https://www.vivino.com/en/robert-mondavi-private-selection-vint-buttery-chardonnay/w/7656070,Robert Mondavi Private Selection,Chardonnay,United States / California
51caba0a-d307-4986-9aa4-90d470c3a164,Catena Zapata Alamos Malbec,Catena Zapata Malbec Argentino,0.75,0.75,4.5,78388,https://www.vivino.com/en/catena-zapata-malbec-argentino/w/1869,Catena Zapata,Malbec,Argentina / Mendoza
51d29d1b-7232-4dc1-aaee-ff303a7d4db1,Canti Cuore Rosso,Canti Cuore Rosso,1.00,1.00,3.3,31,https://www.vivino.com/en/canti-cuore-rosso-vino-da-tavola-red-wine-v-ph5xu/w/9333057,,,Italy / Vino d'Italia
51dd2576-40c7-48e6-acaf-5e3b37c36fb3,The Line Chardonnay,G. Marquis The Silver Line Chardonnay,1.00,1.00,3.7,179,https://www.vivino.com/en/g-marquis-the-silver-line-chardonnay/w/5105029,G. Marquis,Chardonnay,Canada / Ontario / Niagara-on-the-Lake
51e9f33b-26b3-426d-ad1b-45d1e54256fa,Two Hands Ares Wine,Two Hands Ares,0.95,0.95,4.4,2632,https://www.vivino.com/en/two-hands-ares-barossa-valley/w/1464100,Two Hands,Shiraz/Syrah,Australia / South Australia / Barossa / Barossa Valley
51f13840-e6e4-417a-808c-6fe52dcc3d67,Essemble Mosel,Dr. Willkomm Mosel Riesling Feinherb,0.50,0.50,4.2,8023,https://www.vivino.com/en/dr-willkomm-mosel-riesling-feinherb/w/5442624,Dr. Willkomm,Riesling,Germany / Mosel
51f3584b-3294-47d4-9dba-21ef7bb4ffe4,Vintage Longbottom Henry's Drive Shiraz,Vintage Longbottom Henry’s Drive Shiraz,1.00,1.00,3.9,986,https://www.vivino.com/en/vintage-longbottom-henry-s-drive-shiraz/w/1624055,Vintage Longbottom,Shiraz/Syrah,Australia / South Australia / Limestone Coast / Padthaway
52220c48-6c82-44a1-988a-5d0fcc377c5a,SMW Mosel Katz Riesling,Zimmermann Graeff & Müller Zeller Schwarze Katz Riesling Feinherb,0.50,0.50,3.6,199,https://www.vivino.com/en/zimmermann-graeff-muller-zeller-schwarze-katz-riesling-feinherb/w/2002206,Zimmermann Graeff & Müller,Riesling,Germany / Mosel
52444918-744b-4198-88bb-5f88ddec7893,Fitz Roy Bay Sauvignon Blanc,N.V. Félix Solís Fitzroy Bay Sauvignon Blanc,0.60,0.60,4.1,4996,https://www.vivino.com/en/felix-solis-fitzroy-bay-sauvignon-blanc/w/7773028,Félix Solís,100% Sauvignon Blanc,New Zealand / South Island / Marlborough
526f5e0f-3c3f-4432-89a3-90a3332f9b9b,Footprint Shiraz,Footprint The Long Walk Shiraz,1.00,1.00,3.6,2520,https://www.vivino.com/en/footprint-the-long-walk-shiraz/w/1194017,Footprint,Shiraz/Syrah,South Africa / Western Cape
527734d4-d6ac-4436-b1f0-93df5d4f03ad,Undurraga Founders Collection Cabernet Sauvignon,Undurraga Founder's Collection Cabernet Sauvignon,0.80,0.80,4.2,12356,https://www.vivino.com/en/undurraga-founder-s-collection-cabernet-sauvignon/w/1130293,Undurraga,Cabernet Sauvignon,Chile / Central Valley / Maipo Valley
529793bb-4284-4e25-9498-63f968bd993d,California Roots Chardonnay,California Roots Chardonnay,1.00,1.00,3.5,1422,https://www.vivino.com/en/california-roots-chardonnay/w/5762409,California Roots,Chardonnay,United States / California
52d70dd9-706b-4d01-995f-296ac6fd2c27,Buck Shack Bourbon Barrel Cabernet Sauvignon,Buck Shack Bourbon Barrel Cabernet Sauvignon,1.00,1.00,4,6374,https://www.vivino.com/en/buck-shack-bourbon-barrel-cabernet-sauvignon/w/7249442,Buck Shack,Cabernet Sauvignon,United States / Lake County
52fd3564-34fc-4c81-bf23-b56980b22b7b,Château Montferrat Blanc,Château Carbonnieux Pessac-Léognan Blanc (Grand Cru Classé de Graves),0.67,0.67,4.1,25528,https://www.vivino.com/en/chateau-carbonnieux-pessac-leognan-blanc-grand-cru-classe-de-graves/w/78014,Château Carbonnieux,"Sauvignon Blanc, Sémillon",France / Bordeaux / Graves / Pessac-Léognan
532c1905-e98d-4cb7-9137-d50de5415649,Unico Sangiovese Riserva,Unico Sangiovese di Romagna Riserva,1.00,1.00,3.4,777,https://www.vivino.com/en/unico-sangiovese-di-romagna-riserva/w/1487846,Unico,Sangiovese,Italy / Northern Italy / Emilia-Romagna / Romagna / Sangiovese di Romagna
532f19d0-75e6-468e-881b-8d9af168e59b,Sucardi Serie A Torrontés,Zuccardi Serie A Torrontés,0.67,0.67,3.8,10409,https://www.vivino.com/en/zuccardi-serie-a-torrontes/w/1206786,Zuccardi,Torrontés,Argentina / Salta
534a2123-3cba-407c-8c54-7724fb6b1e89,Long Cloud Reserve Marlborough Sauvignon Blanc,Long Cloud Reserve Sauvignon Blanc,0.83,0.83,3.8,1884,https://www.vivino.com/en/long-cloud-reserve-sauvignon-blanc/w/7446065,Long Cloud,Sauvignon Blanc,New Zealand / South Island / Marlborough
53692f01-688d-4bb5-a45c-edf75ad81ef6,Tellus Merlot,Falesco Tellus Merlot,1.00,1.00,3.7,425,https://www.vivino.com/en/falesco-tellus-merlot-umbria/w/4542477,Falesco,Merlot,Italy / Central Italy / Umbria
53c2dc1b-8c56-4efb-b1b7-069174eabb6c,Kings of Prohibition Chardonnay,Kings of Prohibition Chardonnay,1.00,1.00,3.8,665,https://www.vivino.com/en/kings-of-prohibition-chardonnay/w/8578764,Kings of Prohibition,Chardonnay,Australia / New South Wales / Big Rivers / Riverina
53f1c7f1-d36d-443a-8b4c-8e13c5efb291,Apartamento La Perla,La Perla del Priorat Noster Inicial,0.50,0.50,3.8,2493,https://www.vivino.com/en/la-perla-del-priorat-noster-inicial/w/1125141,La Perla del Priorat,"Cariñena, Cabernet Sauvignon",Spain / Catalunya / Priorat
54306e41-de18-4bbc-a0ef-8bd31b1cb5b3,Gabriel Ashley Napa Valley Cabernet Sauvignon,Duckhorn Napa Valley Cabernet Sauvignon,0.67,0.67,4.3,45658,https://www.vivino.com/en/duckhorn-napa-valley-cabernet-sauvignon/w/3475,Duckhorn,Cabernet Sauvignon,United States / California / North Coast / Napa County / Napa Valley
54a23232-b222-4b92-bec6-2979c09f166d,Louis Roederer Cristal Millésime Brut 2002,Louis Roederer Cristal Brut Champagne (Millésimé),0.80,0.80,4.6,52609,https://www.vivino.com/en/louis-roederer-cristal-brut-champagne-millesime/w/74304,Louis Roederer,"Pinot Noir, Chardonnay",France / Champagne
54badec2-2430-4ff3-9154-3e3b735956a1,Homesera Cava Brut,N.V. Codorníu Cava Clasico Brut,0.50,0.50,3.6,24355,https://www.vivino.com/en/codorniu-cava-clasico-brut/w/1180680,Codorníu,"Macabeo, Xarel-lo, Parellada",Spain / Cava
54c59995-c46d-4e20-9faf-0405ef225c57,Walter Hanzel K Hill Lane Pinot Noir,Walter Hansel Cahill Lane Vineyard Pinot Noir,0.67,0.67,4.2,1132,https://www.vivino.com/en/walter-hansel-cahill-lane-vineyard-pinot-noir/w/1871938,Walter Hansel,Pinot Noir,United States / California / North Coast / Sonoma County / Russian River Valley
54dce2e9-eae8-4550-b4fb-c02f7efe1313,Cuvée Confiance Rosé,La Vidaubanaise Cuvée Constance Rosé,0.50,0.50,4.1,36,https://www.vivino.com/en/la-vidaubanaise-cuvee-constance-rose/w/2533392,La Vidaubanaise,"Shiraz/Syrah, Grenache Blanc, Cinsault",France / Provence / Côtes de Provence
54fca3f9-a4b7-460c-afd7-c819a74f0671,Bottega Ripasso Valpolicella,Bottega Valpolicella Ripasso Superiore,1.00,1.00,3.9,12360,https://www.vivino.com/en/bottega-valpolicella-ripasso-superiore/w/1175529,Bottega,"Corvina Veronese, Rondinella, Molinara, Corvinone",Italy / Northern Italy / Veneto / Valpolicella / Valpolicella Ripasso
55085fbf-9a58-493f-913d-1a9c884ca460,Smiley Chardonnay Merlot,Smiley Chardonnay,0.95,0.95,3.6,385,https://www.vivino.com/en/smiley-chardonnay/w/9652486,Smiley,Chardonnay,France / Vin de France
552330d9-740f-49dc-8cb1-2771454f9663,Carpene Malvolti Prosecco Treviso,N.V. Carpenè Malvolti Prosecco Extra Dry,0.75,0.75,3.8,27,https://www.vivino.com/en/carpene-malvolti-prosecco-extra-dry/w/2261948,Carpenè Malvolti,100% Glera,Italy / Northern Italy / Veneto / Prosecco / Prosecco di Treviso
55459a8e-5bd4-4aa8-a924-80cb03d90d97,Sterling Napa Valley Cabernet Sauvignon,Sterling Vineyards Napa Valley Cabernet Sauvignon,1.00,1.00,3.9,11755,https://www.vivino.com/en/sterling-vineyards-napa-valley-cabernet-sauvignon-napa-valley/w/1125332,Sterling Vineyards,Cabernet Sauvignon,United States / California / North Coast / Napa County / Napa Valley
554b5b07-b123-41c8-8e4a-5fd9fbc76ebf,Monticello Napa Valley Chardonnay,Monticello Vineyards Presidential Chardonnay,0.50,0.50,3.6,27,https://www.vivino.com/en/monticello-vineyards-presidential-chardonnay-napa-valley/w/8886890,Monticello Vineyards,Chardonnay,United States / California / North Coast / Napa County / Napa Valley
55753457-e4d5-45a2-a659-306ca305754e,Accordi a Palermo,Orin Swift Palermo Cabernet Sauvignon,0.50,0.50,4.3,34959,https://www.vivino.com/en/orin-swift-palermo-cabernet-sauvignon/w/1208567,Orin Swift,Cabernet Sauvignon,United States / California / North Coast / Napa County / Napa Valley
557fe949-54ad-4b6e-bff5-bdc997efa1a6,Doctor Loosen Blue Slate Riesling Dry,Dr. Loosen Riesling Blue Slate Dry,0.80,0.80,3.9,1755,https://www.vivino.com/en/dr-loosen-riesling-blue-slate-dry/w/1870730,Dr. Loosen,Riesling,Germany / Mosel
56405ccc-370d-4e0e-9a21-9e6c4e8bcc09,Domaine Schlumberger Riesling,Domaines Schlumberger Les Princes Abbés Riesling Alsace,0.67,0.67,3.7,6708,https://www.vivino.com/en/domaines-schlumberger-les-princes-abbes-riesling-alsace/w/1157190,Domaines Schlumberger,Riesling,France / Alsace
56467699-9418-4bea-973e-1227d762cf59,Villa Yolanda Moscato Rosé,N.V. Villa Jolanda Moscato Rosé,0.67,0.67,3.9,764,https://www.vivino.com/en/villa-jolanda-moscato-rose/w/1172011,Villa Jolanda,100% Moscato,Italy / Northern Italy / Piemonte
5689c379-0af8-49f1-8f99-0a187fe311f3,Armand De Brignac Brut Cuvée Golfer's Edition Champagne,N.V. Armand de Brignac Brut Gold Champagne,0.50,0.50,4.4,4974,https://www.vivino.com/en/armand-de-brignac-brut-gold-champagne/w/2240674,Armand de Brignac,"40% Chardonnay, 40% Pinot Noir, 20% Pinot Meunier",France / Champagne
569cc7ed-aee5-413d-9724-2e08582d3c4e,Climanbu Macon Chardonnay,Louis Jadot Mâcon Chardonnay,0.67,0.67,3.9,9083,https://www.vivino.com/en/louis-jadot-macon-chardonnay-macon/w/5910279,Louis Jadot,Chardonnay,France / Bourgogne / Mâconnais / Mâcon
56dd9629-67e0-4b0e-857e-41befdb009c6,Krug Grande Cuvée 172ème Édition,N.V. Krug Grande Cuvée,0.95,0.60,4.6,38361,https://www.vivino.com/en/krug-grande-cuvee/w/7122486,Krug,"52% Pinot Noir, 35% Chardonnay, 13% Pinot Meunier",France / Champagne
56f24bfe-24b6-412a-baa4-87e728f39d7c,Frescobaldi Castiglioni Toscana,Frescobaldi Tenuta Frescobaldi di Castiglioni,0.67,0.67,4,9722,https://www.vivino.com/en/frescobaldi-tenuta-frescobaldi-di-castiglioni/w/6811527,Frescobaldi,Sangiovese,Italy / Central Italy / Toscana
56feb9e5-f50f-49ce-a394-818a6646ec9f,Jimjim Chardonnay,Jim Jim Chardonnay,0.50,0.50,3.7,134,https://www.vivino.com/en/jim-jim-chardonnay/w/1141437,Jim Jim,Chardonnay,Australia / South Australia / Fleurieu / McLaren Vale
575464f4-f262-45d7-9fd7-d3ff9c886647,Retiza Tinto,N.V. Félix Solís Mucho Más Tinto,0.50,0.50,4.1,113132,https://www.vivino.com/en/felix-solis-mucho-mas-tinto/w/6266660,Félix Solís,"Shiraz/Syrah, Tempranillo",Spain / Vino de España
5757d492-457b-48d5-8f2d-dc856dea10b3,Boukela Merlot,Casillero del Diablo Merlot (Reserva),0.50,0.50,3.5,61463,https://www.vivino.com/en/casillero-del-diablo-merlot-reserva-central-valley/w/1135161,Casillero del Diablo,Merlot,Chile / Central Valley
579229d8-3f41-4384-8166-b5b4f36ce0c0,Thomas Sparkling Moscato,Platino Flowery Sparkling Blue Moscato,0.67,0.67,3.5,1770,https://www.vivino.com/en/platino-flowery-sparkling-blue-moscato/w/5477862,Platino,Moscato,Spain / Murcia
579a3786-ff0a-48a3-9bc5-8ef8ffc9180c,Kakao Friends X Mosel Christmas Riesling,Christmas Tree Mosel Riesling,0.60,0.60,3.3,48,https://www.vivino.com/en/christmas-tree-mosel-riesling-mosel-saar-ruwer-white-wine-v-vibwq/w/5887300,,Riesling,Germany / Mosel
58c36943-aaa7-456a-8b3c-60d4c2f6b789,Famille Wiegel Riesling Klassik,Gruber Röschitz Bergh Ludwig Riesling Klassik,0.50,0.50,3.8,1488,https://www.vivino.com/en/gruber-roschitz-bergh-ludwig-riesling-klassik/w/8577750,Gruber Röschitz,Riesling,Austria / Weinland / Niederösterreich
59608e32-6726-4ded-ade3-10166df8a047,Te Awanga Wild Song MLB Sauvignon Blanc,Te Awanga Estate Wildsong Organic Hawke's Bay Sauvignon Blanc,0.50,0.50,3.9,570,https://www.vivino.com/en/te-awanga-estate-wildsong-organic-hawke-s-bay-sauvignon-blanc/w/8290428,Te Awanga Estate,Sauvignon Blanc,New Zealand / North Island / Hawke's Bay
59fdc1ef-2ab9-4470-bfca-2322672f0380,Hope End Blend,Hopes End Red Blend,0.67,0.67,3.9,7333,https://www.vivino.com/en/hopes-end-red-blend/w/4903571,Hopes End,"Grenache, Malbec",Australia / South Australia
5a251e39-3d79-4d1b-a07b-75cd93289905,Fitz Pure Pinot Noir,Pete’s Pure Pinot Noir,0.75,0.75,3.7,4153,https://www.vivino.com/en/pete-s-pure-pinot-noir/w/6837892,Pete’s Pure,Pinot Noir,Australia / South Australia / Lower Murray / Riverland
5a7b72dd-6a49-44f6-b996-32578c9249aa,Louis Jadot Griotte-Chambertin Grand Cru Pinot Noir,Louis Jadot Griotte-Chambertin Grand Cru,0.95,0.95,4.3,157,https://www.vivino.com/en/louis-jadot-griotte-chambertin-grand-cru/w/2901,Louis Jadot,Pinot Noir,France / Bourgogne / Côte de Nuits / Gevrey-Chambertin / Griotte-Chambertin Grand Cru
5aabaedb-fcae-454d-a1dc-fa2ae2e694db,Carpe Diem Cabernet Sauvignon,Carpe Diem Cabernet Sauvignon,1.00,1.00,3.8,1978,https://www.vivino.com/en/carpe-diem-cabernet-sauvignon/w/1168190,Carpe Diem,Cabernet Sauvignon,United States / California / North Coast / Napa County / Napa Valley
5ac1b666-7eae-493a-8b57-3f686b0a6113,La Baronnière Rosé d'Anjou,Lacheteau La Baronniere Rosé d'Anjou,1.00,1.00,4.3,1383,https://www.vivino.com/en/lacheteau-la-baronniere-rose-d-anjou-anjou-rose-wine/w/5649784,Lacheteau,"Cabernet Sauvignon, Cabernet Franc",France / Loire Valley / Middle Loire / Anjou
5acd1775-d887-4f6f-8b2f-3891cb5a3029,La Crema Monterey Pinot Noir,La Crema Monterey Pinot Noir,1.00,1.00,3.8,21854,https://www.vivino.com/en/la-crema-monterey-pinot-noir/w/9107,La Crema,Pinot Noir,United States / California / Central Coast / Monterey County / Monterey
5ad51d24-cd80-4532-b469-7538e0403d54,Perez Barquero Old Palomino,Perez Barquero Old Porter White Sweet,0.75,0.75,3.5,240,https://www.vivino.com/en/perez-barquero-old-porter-white-sweet/w/1570612,Perez Barquero,,Spain / Andalucía
5ade30f5-0c31-4c54-a878-5502728a64c1,Rascal Shiraz,Hugh Hamilton The Rascal Shiraz,1.00,1.00,3.9,1135,https://www.vivino.com/en/hugh-hamilton-wines-the-rascal-shiraz/w/4139740,Hugh Hamilton,Shiraz/Syrah,Australia / South Australia / Fleurieu / McLaren Vale
5b0b96b6-1848-4672-bf6d-7a1757c60c30,Angove Hope and Cabernet Sauvignon,Austin Hope Austin Hope Cabernet Sauvignon,0.75,0.75,4.5,79153,https://www.vivino.com/en/austin-hope-austin-hope-cabernet-sauvignon/w/5866389,Austin Hope,Cabernet Sauvignon,United States / California / Central Coast / San Luis Obispo County / Paso Robles
5b481dc9-94dd-450f-92d7-5421a0132fe1,Frog's Leap Merlot Rutherford,Frog's Leap Merlot,0.95,0.95,3.9,3920,https://www.vivino.com/en/frog-s-leap-merlot/w/4165,Frog's Leap,Merlot,United States / California / North Coast / Napa County / Napa Valley / Rutherford
5b4e0787-3e20-422f-a699-f312f243fe4c,Viña Maipo by Veramonte Cabernet Merlot,Viña Maipo Cabernet Sauvignon - Merlot,0.80,0.80,3.1,2897,https://www.vivino.com/en/vina-maipo-cabernet-sauvignon-merlot/w/68164,Viña Maipo,"Cabernet Sauvignon, Merlot",Chile / Central Valley
5b55502e-83f6-4504-be9e-0d6b6a2be9b6,Santiago Hostal Viva Chile,Santiago de Chile Cabernet Sauvignon,0.50,0.50,3.1,190,https://www.vivino.com/en/santiago-de-chile-cabernet-sauvignon-central-valley/w/3100434,Santiago de Chile,Cabernet Sauvignon,Chile / Central Valley
5b98e378-3108-4785-8c96-52560d6d43c4,Penfolds Bin 389 Cabernet Shiraz,Penfolds Bin 389 Cabernet - Shiraz,1.00,1.00,4.2,45049,https://www.vivino.com/en/penfolds-bin-389-cabernet-shiraz/w/24056,Penfolds,Cabernet Sauvignon,Australia / South Australia
5ba2dc41-6e01-4436-b3a5-3073edd7190c,Bread and Butter Sauvignon Blanc,Bread & Butter Sauvignon Blanc,1.00,1.00,3.7,3039,https://www.vivino.com/en/bread-and-butter-sauvignon-blanc/w/8155745,Bread & Butter,Sauvignon Blanc,United States / California / North Coast
5babc1dc-a2c3-4102-b53a-0794fea379ea,Molina Gran Reserva Cabernet Sauvignon,San Pedro Castillo de Molina Gran Reserva Cabernet Sauvignon,1.00,1.00,3.6,14366,https://www.vivino.com/en/san-pedro-central-valley-castillo-de-molina-gran-reserva-cabernet-sauvignon-cachapoal/w/1216721,San Pedro,Cabernet Sauvignon,Chile / Central Valley / Rapel Valley / Cachapoal Valley
5bc40eb8-5070-413a-9b3a-c28868afd56d,Black's Station Cabernet Sauvignon,Black's Station Cabernet Sauvignon,1.00,1.00,3.6,1359,https://www.vivino.com/en/black-station-cabernet-sauvignon/w/1520148,Black's Station,Cabernet Sauvignon,United States / California / Central Valley / Yolo County
5bfa0997-dd0d-430d-90c1-3eba7309906a,7 Colors Cabernet Sauvignon,7 Colores Cabernet Sauvignon,0.67,0.67,3.4,1833,https://www.vivino.com/en/seven-colores-cabernet-sauvignon-central-valley/w/4973080,7 Colores,Cabernet Sauvignon,Chile / Central Valley
5c487ddf-7f42-489c-9131-02881c64e411,Homesera Bouquet Cava Rosé,N.V. Jaume Serra Bouquet Cava Rosé,0.67,0.67,3.4,508,https://www.vivino.com/en/jaume-serra-bouquet-cava-rose/w/10247403,Jaume Serra,"Macabeo, Xarel-lo, Parellada",Spain / Cava
5c75f844-abba-44ea-9fa9-bb69657b3cb2,Shaw and Smith M3 Chardonnay,Shaw + Smith M3 Chardonnay,1.00,1.00,4,6968,https://www.vivino.com/en/shaw-smith-m3-chardonnay/w/31564,Shaw + Smith,Chardonnay,Australia / South Australia / Mount Lofty Ranges / Adelaide Hills
5c831ceb-cb7b-449c-a877-1a553faaf1fa,Litvreli Saperavi,Fanagoria (Фанагория) Авторское Каберне - Саперави (Signature Cabernet - Saperavi),0.50,0.50,3.6,9522,https://www.vivino.com/en/fanagoria-fanagoriia-avtorskoe-kaberne-saperavi-signature-cabernet-saperavi/w/2778486,Fanagoria (Фанагория),"Cabernet Sauvignon, Saperavi",Russia / Kuban / Taman Peninsula / Sennoi
5c885c4d-6076-4713-aead-11997b1e1832,Foillero Sauvignon Blanc,Oyster Bay Sauvignon Blanc,0.67,0.67,3.9,79592,https://www.vivino.com/en/oyster-bay-sauvignon-blanc/w/9530,Oyster Bay,Sauvignon Blanc,New Zealand / South Island / Marlborough
5c95978f-d1cd-486d-b582-b3fe811e1741,Tiki Single Vineyard Chardonnay,Tiki Wine & Vineyards Single Vineyard Chardonnay,1.00,1.00,4.2,191,https://www.vivino.com/en/tiki-wine-vineyards-single-vineyard-chardonnay/w/4601174,Tiki Wine & Vineyards,Chardonnay,New Zealand / South Island / Canterbury / Waipara
5ca688af-408c-492e-8d00-8d59324c33c0,Flowers Camp Meeting Ridge Chardonnay,Flowers Camp Meeting Ridge Vineyard Chardonnay,1.00,1.00,4.4,1181,https://www.vivino.com/en/us-flowers-camp-meeting-ridge-vineyard-chardonnay/w/4725,Flowers,Chardonnay,United States / California / North Coast / Sonoma County / Sonoma Coast
5cb1aa65-29fe-4614-a75d-85d8926120b4,Zacanini Dal Tralcetto Rosé,Cantina Zaccagnini Il Vino dal Tralcetto Montepulciano d'Abruzzo,0.67,0.67,3.9,105836,https://www.vivino.com/en/cantina-zaccagnini-il-vino-dal-tralcetto-montepulciano-d-abruzzo/w/1633194,Cantina Zaccagnini,Montepulciano,Italy / Central Italy / Abruzzo / Montepulciano d'Abruzzo
5ce4e4f7-21cf-4a4d-b7c5-9de8f95396bb,Berardegna Chianti Classico,Fèlsina Berardenga Chianti Classico,0.67,0.67,3.8,29851,https://www.vivino.com/en/it-felsina-berardenga-chianti-classico/w/18439,Fèlsina,Sangiovese,Italy / Central Italy / Toscana / Chianti / Chianti Classico
5d1744ac-f85b-4836-98f0-d298c0e52221,Unknown Estate Red,Doña Paula Estate Black Edition Red,0.50,0.50,3.8,16362,https://www.vivino.com/en/dona-paula-estate-black-edition-red/w/1841583,Doña Paula,"Cabernet Sauvignon, Petit Verdot, Malbec",Argentina / Mendoza / Lujan de Cuyo
5d78a2fb-d72e-4f1c-8559-11f69f76c056,Musa Cava Brut Reserva,Juvé & Camps Cava Gran Reserva Brut Nature Reserva de la Familia,0.67,0.67,3.9,38363,https://www.vivino.com/en/juve-camps-cava-gran-reserva-brut-nature-reserva-de-la-familia/w/1136856,Juvé & Camps,"Macabeo, Xarel-lo, Parellada",Spain / Cava
5d98f965-e2ac-4450-8b6c-8c95792fbef8,Roche Maziès Sanceau Grenache,Roche Mazet Cuvée Spéciale Grenache - Cinsault Rosé,0.50,0.50,3.3,3177,https://www.vivino.com/en/fr-roche-mazet-cuvee-speciale-grenache-cinsault-rose/w/1757298,Roche Mazet,"Grenache, Cinsault",France / Vin de Pays / Pays d'Oc
5daaf845-019a-49d0-a19a-dbebf2def81e,Manfred Suagna Rosé,Patrizi Suagnà Rosé,0.50,0.50,4.1,401,https://www.vivino.com/en/patrizi-suagna-rose-piedmont/w/6172100,Patrizi,Moscato,Italy / Northern Italy / Piemonte
5dc6d501-332a-4006-ac22-edfb53ed4fbd,Bertène Montany Premier Cru Saint Moril,Château Cheval Blanc Saint-Émilion Grand Cru (Premier Grand Cru Classé),0.50,0.50,4.6,34914,https://www.vivino.com/en/chateau-cheval-blanc-saint-emilion-grand-cru-premier-grand-cru-classe/w/1148747,Château Cheval Blanc,Merlot,France / Bordeaux / Libournais / Saint-Émilion / Saint-Émilion Grand Cru
5dc6d6eb-9a9f-462f-b3ee-47e71860ae44,Cantina Zaccanini Dal Tralcetto Rosé Terre di Chieti,Cantina Tollo Terre Di Chieti Sangiovese,0.50,0.50,3.6,2353,https://www.vivino.com/en/cantina-tollo-terre-di-chieti-sangiovese/w/1195874,Cantina Tollo,Sangiovese,Italy / Central Italy / Abruzzo / Terre di Chieti
5e87935b-67d7-4436-b9cd-9a4273e5bb53,Penfolds Primrose Rosé,N.V. Penfolds Thienot Champagne Brut Rosé,0.50,0.50,4.1,805,https://www.vivino.com/en/penfolds-thienot-champagne-brut-rose-champagne/w/10165330,Penfolds,"Chardonnay, Pinot Noir, Pinot Meunier",France / Champagne
5fd1248f-5d7a-466a-a08d-14a9be4c6949,Homeseara Bouquet Rosé Cava,N.V. Jaume Serra Bouquet Cava Rosé,0.67,0.67,3.4,508,https://www.vivino.com/en/jaume-serra-bouquet-cava-rose/w/10247403,Jaume Serra,"Macabeo, Xarel-lo, Parellada",Spain / Cava
605ec6d6-4575-416b-bc2c-eed34f7c0143,Mattis Grenache,Mathis Grenache,0.50,0.50,4,789,https://www.vivino.com/en/mathis-grenache-grenache/w/1124456,Mathis,Grenache,United States / California / North Coast / Sonoma County / Sonoma Valley
60997061-40f8-47a7-bf1b-440ec97da80d,Puyal Reserva Chardonnay,Casillero del Diablo Chardonnay (Reserva),0.67,0.67,3.5,39124,https://www.vivino.com/en/casillero-del-diablo-chardonnay-reserva/w/1135140,Casillero del Diablo,Chardonnay,Chile / Aconcagua / Casablanca Valley
61269eff-0fb2-41ac-9c16-e1fe4ad420d2,1865 Special Edition Beloved Cabernet Sauvignon,San Pedro 1865 Selected Vineyards Cabernet Sauvignon,0.50,0.50,3.9,9526,https://www.vivino.com/en/san-pedro-central-valley-eighteen-sixtyfive-selected-vineyards-cabernet-sauvignon/w/6158938,San Pedro,Cabernet Sauvignon,Chile / Central Valley / Maipo Valley
614d625e-9b49-4608-b575-899c2fb71640,The Pairing Pinot Noir,The Paring Pinot Noir,0.67,0.67,3.9,1268,https://www.vivino.com/en/the-paring-pinot-noir/w/1189750,The Paring,Pinot Noir,United States / California / Central Coast / Santa Barbara County / Sta. Rita Hills
6166f906-4acc-48ef-8d7e-257bc117f02f,Errazuriz Max Master Blend,Errazuriz Max Master Blend,1.00,1.00,4.1,87,https://www.vivino.com/en/errazuriz-max-master-blend/w/12099526,Errazuriz,"Grenache, Malbec, Carménère, Shiraz/Syrah, Cabernet Sauvignon",Chile / Aconcagua / Aconcagua Valley
616ce839-727f-4128-9db2-a548b8b0e988,Jean-Claude Boisset Bourgogne Chardonnay Les Ursulines 2021,Jean-Claude Boisset Chardonnay Bourgogne Les Ursulines,0.86,0.86,3.8,6565,https://www.vivino.com/en/jean-claude-boisset-chardonnay-bourgogne-les-ursulines/w/1222150,Jean-Claude Boisset,Chardonnay,France / Bourgogne
61c3427f-f0e7-4884-84d1-032ff804c4e8,Chateau Ste. Michelle Indian Wells Merlot,Chateau Ste. Michelle Indian Wells Merlot,1.00,1.00,3.8,10377,https://www.vivino.com/en/chateau-ste-michelle-indian-wells-merlot/w/1110353,Chateau Ste. Michelle,Merlot,United States / Washington / Columbia Valley
61d1d4ec-7aec-44a1-b911-dfa1b518d808,Natural Malyugaku,Klein Constantia Vin de Constance (Natural Sweet),0.50,0.50,4.6,17692,https://www.vivino.com/en/klein-constantia-vin-de-constance-natural-sweet/w/1958101,Klein Constantia,Muscat Blanc,South Africa / Western Cape / Coastal Region / Cape Town / Constantia
61e202d3-c075-4e42-8562-17c5850d21eb,Kim Crawford Marlborough Sauvignon Blanc,Kim Crawford Sauvignon Blanc,0.80,0.80,4,80265,https://www.vivino.com/en/kim-crawford-sauvignon-blanc/w/66534,Kim Crawford,Sauvignon Blanc,New Zealand / South Island / Marlborough
6205371f-3b16-4885-89c8-be08c3777d01,Napa Highlands Cabernet Sauvignon,Napa Highlands Cabernet Sauvignon,1.00,1.00,4.1,6330,https://www.vivino.com/en/napa-highlands-cabernet-sauvignon/w/5409902,Napa Highlands,Cabernet Sauvignon,United States / California / North Coast / Napa County / Napa Valley
621571e8-c265-4d7a-922c-4eb8d9bf004b,Château La Mission Haut Brion Blanc 2012,Château La Mission Haut-Brion Pessac-Léognan Blanc (Grand Cru Classé de Graves),0.83,0.83,4.3,1371,https://www.vivino.com/en/la-mission-haut-brion-pessac-leognan-blanc-grand-cru-classe-de-graves/w/4402538,Château La Mission Haut-Brion,Sémillon,France / Bordeaux / Graves / Pessac-Léognan
62294b4b-8410-4395-b9fa-d3897978604e,Oyster Bay Chardonnay,Oyster Bay Chardonnay,1.00,1.00,3.6,8796,https://www.vivino.com/en/oyster-bay-chardonnay/w/9528,Oyster Bay,Chardonnay,New Zealand / South Island / Marlborough
62302a57-92ab-400b-ae80-f0fa77831379,Mosel Katz Riesling,Zimmermann Graeff & Müller Zeller Schwarze Katz Riesling Feinherb,0.67,0.67,3.6,199,https://www.vivino.com/en/zimmermann-graeff-muller-zeller-schwarze-katz-riesling-feinherb/w/2002206,Zimmermann Graeff & Müller,Riesling,Germany / Mosel
625473dc-dcd5-4778-bfcd-3c91d0065f69,Citizen Wine Let It Be Red Blend,Citizen Wine Let it Bee Organic Red Blend,1.00,1.00,4,755,https://www.vivino.com/en/citizen-wine-let-it-bee-organic-red-blend/w/11092227,Citizen Wine,"Shiraz/Syrah, Cabernet Sauvignon, Tempranillo",Spain / Vino de España
62a67021-2896-44ea-bcbe-8a6021bf180f,Romagna Sangiovese Superiore Riserva,Santa Aurelia Sangiovese di Romagna Superiore Riserva  (Emilia),1.00,1.00,3.4,2413,https://www.vivino.com/en/santa-emilia-sangiovese-di-romagna-superiore-riserva-emilia/w/1681212,Santa Aurelia,Sangiovese,Italy / Northern Italy / Emilia-Romagna / Romagna / Sangiovese di Romagna
62aa26b4-1697-464a-8390-50ad4cb25d92,Giant Steps Yarra Valley Chardonnay,Giant Steps Chardonnay,0.60,0.60,3.9,2142,https://www.vivino.com/en/giant-steps-chardonnay/w/4564203,Giant Steps,Chardonnay,Australia / Victoria / Port Phillip / Yarra Valley
62cbcc3d-f58a-4bce-99f7-184e7bd75ac5,Misty Cove Estate Pinot Noir,Misty Cove Estate Series Pinot Noir,1.00,1.00,3.6,1370,https://www.vivino.com/en/misty-cove-estate-series-pinot-noir/w/7385255,Misty Cove,Pinot Noir,New Zealand / South Island / Marlborough
62d647f7-c607-427c-b8fd-b8a63cc257ab,Château Fuissé Tête de Cuvée 2023,Château Fuissé Pouilly-Fuissé Tête de Cuvée,0.80,0.80,4.3,14546,https://www.vivino.com/en/chateau-fuisse-pouilly-fuisse-tete-de-cuvee/w/1632923,Château Fuissé,Chardonnay,France / Bourgogne / Mâconnais / Pouilly-Fuissé
630019cc-eb11-4b19-a718-3d148737bb3c,Essentiel Pinot Noir,Essentiel la Cave des Hautes Côtes Bourgogne Pinot Noir,1.00,1.00,3.1,122,https://www.vivino.com/en/essentiel-la-cave-des-hautes-cotes-bourgogne-pinot-noir/w/7834111,Essentiel la Cave des Hautes Côtes,Pinot Noir,France / Bourgogne
63266c23-9168-4276-a5e2-14801654757f,Mansion House Bay Sauvignon Blanc,Mansion House Bay Sauvignon Blanc,1.00,1.00,4.1,677,https://www.vivino.com/en/mansion-house-bay-sauvignon-blanc/w/1538162,Mansion House Bay,Sauvignon Blanc,New Zealand / South Island / Marlborough
63444c68-2a61-4130-acb0-d9b0d5c36c28,Krug Clos du Mesnil Blanc de Blancs Brut 2008,N.V. André Robert Les Jardins du Mesnil Blanc de Blancs Brut Champagne Grand Cru 'Le Mesnil-sur-Oger',0.50,0.50,4.2,1702,https://www.vivino.com/en/andre-robert-les-jardins-du-mesnil-blanc-de-blancs-brut-champagne-grand-cru-le-mesnil-sur-oger/w/5494797,André Robert,100% Chardonnay,France / Champagne / Côte des Blancs / Champagne Grand Cru 'Le Mesnil-sur-Oger'
635bbcf8-1eb2-481a-a167-1fb9a8fbdf9d,Roger Goulet Brut Coral Rosé,Roger Goulart Cava Coral Brut Rosé,0.67,0.67,3.7,2189,https://www.vivino.com/en/roger-goulart-cava-coral-brut-rose/w/5159591,Roger Goulart,"Pinot Noir, Garnacha",Spain / Cava
63ba20e8-0785-4651-9877-5942fc6b5841,Joseph Phelps Burgundy Pinot Noir,Joseph Phelps Vineyards Freestone Vineyards Pinot Noir,0.80,0.80,4.2,8276,https://www.vivino.com/en/joseph-phelps-vineyards-freestone-vineyards-pinot-noir/w/1384430,Joseph Phelps Vineyards,Pinot Noir,United States / California / North Coast / Sonoma County / Sonoma Coast
63df3386-b908-4e53-9567-ccc0276e1582,Bottega Ripasso Valpolicella Superiore,Bottega Valpolicella Ripasso Superiore,1.00,1.00,3.9,12360,https://www.vivino.com/en/bottega-valpolicella-ripasso-superiore/w/1175529,Bottega,"Corvina Veronese, Rondinella, Molinara, Corvinone",Italy / Northern Italy / Veneto / Valpolicella / Valpolicella Ripasso
63edfde0-01d0-4e0a-b636-38f547a5674d,Frescobaldi Remole Bianco,Frescobaldi Rèmole Bianco,1.00,1.00,3.6,2561,https://www.vivino.com/en/frescobaldi-remole-bianco/w/2098426,Frescobaldi,"Vermentino, Trebbiano Toscano",Italy / Central Italy / Toscana
64271568-b58d-4ed3-88b1-50483f25c6f0,Escorihuela Gran Reserva Malbec,Escorihuela Gascón Gran Reserva Malbec,1.00,1.00,4.2,27339,https://www.vivino.com/en/escorihuela-gascon-gran-reserva-malbec/w/1266561,Escorihuela Gascón,Malbec,Argentina / Mendoza
6433a0d6-b205-4c8a-9b33-28c7b6363980,Frescobaldi Remole Rosso,Frescobaldi Rèmole Rosso,1.00,1.00,3.7,49223,https://www.vivino.com/en/frescobaldi-remole-rosso/w/21006,Frescobaldi,Sangiovese,Italy / Central Italy / Toscana
6433d57e-2f0b-4b60-a741-45c1061608ae,Quevedo White Port,N.V. Quevedo White Port,1.00,1.00,3.6,714,https://www.vivino.com/en/pt-quevedo-white-port/w/1500174,Quevedo,100% Gouveio,Portugal / Northern Portugal / Duriense / Porto
6473bd58-1bcd-4bee-b3a5-68dd3f3ad9b2,Diablo Chardonnay,Casillero del Diablo Chardonnay (Reserva),1.00,1.00,3.5,39124,https://www.vivino.com/en/casillero-del-diablo-chardonnay-reserva/w/1135140,Casillero del Diablo,Chardonnay,Chile / Aconcagua / Casablanca Valley
64b0de34-430d-499f-9991-434cbd35fb9f,D'Arenberg Stump Jump Sauvignon Blanc,d'Arenberg The Stump Jump Sauvignon Blanc,1.00,1.00,3.6,1114,https://www.vivino.com/en/d-arenberg-the-stump-jump-sauvignon-blanc/w/13380,d'Arenberg,Sauvignon Blanc,Australia / South Australia / Fleurieu / McLaren Vale
64fe1d16-73dd-4762-adfb-6610fbd04e36,Château Pichon Longueville Baron 2018,Château Pichon Baron Les Tourelles de Longueville Pauillac,0.80,0.80,4.1,15214,https://www.vivino.com/en/chateau-pichon-baron-les-tourelles-de-longueville-pauillac/w/1135844,Château Pichon Baron,"Merlot, Cabernet Sauvignon, Cabernet Franc",France / Bordeaux / Médoc / Pauillac
6557d5f4-eb33-4b9f-9e94-845057a8c0b8,Pas Si Bete Grand Reserve Chardonnay,Domaine Saint Philippe Pas Si Vite Grande Réserve Chardonnay,0.60,0.60,4.2,589,https://www.vivino.com/en/domaine-saint-philippe-pas-si-vite-grande-reserve-chardonnay/w/11131279,Domaine Saint Philippe,Chardonnay,France / Vin de Pays / Pays d'Oc
655fb85e-7fc4-49e3-848d-1796069da400,Caymus Conundrum Red,Conundrum Red Blend,0.50,0.50,4,62592,https://www.vivino.com/en/conundrum-red-blend-california/w/4218931,Conundrum,Zinfandel,United States / California
66148848-ab2e-4621-a8d2-adb349e60767,Saint Claire Pioneer Black Riesling,Saint Clair Family Estate Pioneer Block 9 Big John Riesling,0.60,0.60,4,366,https://www.vivino.com/en/saint-clair-family-estate-pioneer-block-9-big-john-riesling/w/1100185,Saint Clair Family Estate,Riesling,New Zealand / South Island / Marlborough
6615bc86-a878-47c2-bbe9-9e3070657bb8,Sucardi Serie A Malbec,Zuccardi Serie A Malbec,0.67,0.67,3.8,56024,https://www.vivino.com/en/zuccardi-serie-a-malbec/w/19445,Zuccardi,Malbec,Argentina / Mendoza / Uco Valley
6702900e-f903-4c70-9738-29ff3b07a5ef,Standing Journey Napa Valley Chardonnay,Standing Journey Chardonnay,0.60,0.60,3.9,88,https://www.vivino.com/en/standing-journey-chardonnay-napa-valley-white-wine-v-zcmxy/w/12991025,,Chardonnay,United States / California / North Coast / Napa County / Napa Valley
677ce5c7-d384-435c-ad19-cf9f2714d005,1865 Selected Vineyard Malbec,San Pedro 1865 Selected Vineyards Cabernet Sauvignon,0.50,0.50,3.9,9526,https://www.vivino.com/en/san-pedro-central-valley-eighteen-sixtyfive-selected-vineyards-cabernet-sauvignon/w/6158938,San Pedro,Cabernet Sauvignon,Chile / Central Valley / Maipo Valley
680423ef-87b3-41aa-86fb-0c0980db5f29,Boga Prosecco Spumante Brut,Ti Voglio Bene Prosecco Spumante Brut,0.67,0.67,3.7,670,https://www.vivino.com/en/ti-voglio-bene-prosecco-spumante-brut/w/6164603,Ti Voglio Bene,Glera,Italy / Northern Italy / Veneto / Prosecco
68148001-5326-4d7b-a0ce-c3cd1f5d6feb,Shield Sauvignon Blanc,Sheild Sauvignon Blanc,0.67,0.67,4,427,https://www.vivino.com/en/sheild-sauvignon-blanc/w/11431639,Sheild,Sauvignon Blanc,New Zealand / South Island / Nelson
684cd60d-e808-4739-ab76-6d3a51c1de7d,Pantini Pinot Grigio,Pattini Pinot Grigio,0.67,0.67,3.7,60,https://www.vivino.com/en/pattini-pinot-grigio/w/12968655,Pattini,Pinot Grigio,Italy / Northern Italy / Veneto / delle Venezie
68852195-c9e9-4fd7-8717-6d2bc5e528bb,Les Jargelieres Merlot Syrah,Les Vins du Littoral Art de France Merlot - Syrah,0.67,0.67,3.2,386,https://www.vivino.com/en/les-vins-du-littoral-art-de-france-merlot-syrah/w/6168392,Les Vins du Littoral,"Shiraz/Syrah, Merlot",France / Vin de Pays / Pays d'Oc
68b95c0e-f6b1-4c2f-a9b1-d2d4c09cbb60,Smiley Pinot Noir,Meiomi Pinot Noir,0.67,0.67,4.1,184971,https://www.vivino.com/en/meiomi-pinot-noir/w/1136137,Meiomi,Pinot Noir,United States / California
68d23672-f2f7-4625-a50a-d404b0dd1d43,Caymus Napa Valley Cabernet Sauvignon,Caymus Vineyards Cabernet Sauvignon,0.60,0.60,4.6,195088,https://www.vivino.com/en/caymus-vineyards-cabernet-sauvignon/w/66284,Caymus Vineyards,Cabernet Sauvignon,United States / California / North Coast / Napa County / Napa Valley
697ffbd8-297a-4555-b8a1-10c2951f7565,JJ Girard Chaponnieres Pommard Pinot Noir,Louis Girard Bourgogne Pinot Noir,0.60,0.60,3.2,1455,https://www.vivino.com/en/louis-girard-bourgogne-pinot-noir/w/1954414,Louis Girard,Pinot Noir,France / Bourgogne
6a5b910b-61fe-45d1-9dff-014146afb001,Rosebay Prickly Pear Leaf,d'Arenberg The Prickly Pear White Blend,0.50,0.50,3.7,66,https://www.vivino.com/en/d-arenberg-the-prickly-pear-white-blend/w/1209055,d'Arenberg,"Chenin Blanc, Viognier, Roussanne, Marsanne",Australia / South Australia / Fleurieu / McLaren Vale
6aba3e32-d10d-4c63-ba76-a979cda61558,Grgich Hills Estate Napa Valley Sauvignon Blanc,Grgich Hills Premiere Napa Valley Paradise Block Old Vine Cabernet Sauvignon,0.71,0.71,4.3,5359,https://www.vivino.com/en/grgich-hills-premiere-napa-valley-paradise-block-old-vine-cabernet-sauvignon/w/8332127,Grgich Hills,Cabernet Sauvignon,United States / California / North Coast / Napa County / Napa Valley / Yountville
6ad799b3-22d2-437b-972b-4168ede38a8d,Matchbook Cabernet Sauvignon,Matchbook Red Gravel Cabernet Sauvignon,1.00,1.00,3.7,5986,https://www.vivino.com/en/us-matchbook-red-gravel-cabernet-sauvignon-dunnigan-hills/w/1152269,Matchbook,Cabernet Sauvignon,United States / California / Central Valley / Yolo County / Dunnigan Hills
6af01b9f-28ed-4a4c-bb46-32be470c4cab,Domaine du Prince Le Chêne du Prince Cahors Malbec,Domaine du Prince Le Chéne du Prince Cahors Malbec,1.00,1.00,4,555,https://www.vivino.com/en/prince-le-chene-du-prince-cahors-malbec/w/1320881,Domaine du Prince,Malbec,France / South West France / Haut-Pays / Cahors
6af89f19-c250-4de8-b0fc-b3e1c6212ad4,Paul Cheneau Blanc de Blancs Cava Brut Reserva,Paul Cheneau Cava Reserva Blanc de Blancs  Brut,1.00,1.00,3.6,410,https://www.vivino.com/en/paul-cheneau-cava-reserva-blanc-de-blancs-brut/w/1666880,Paul Cheneau,"Macabeo, Xarel-lo, Parellada",Spain / Cava
6b15f572-4d6a-43b7-8054-fe67ab94ff1a,Lulu Rosé,Lulu Le Francais Rosé,1.00,1.00,3.8,1186,https://www.vivino.com/en/lulu-le-francais-rose/w/7575514,Lulu Le Francais,Cinsault,France / Languedoc-Roussillon
6b28a20c-a0cc-4c00-bb97-00724f620ed2,Spellbound Cabernet Sauvignon,Spellbound Cabernet Sauvignon,1.00,1.00,3.7,3684,https://www.vivino.com/en/spellbound-wines-cabernet-sauvignon/w/1634496,Spellbound,Cabernet Sauvignon,United States / California
6b3303e3-e6dd-448f-a39e-2ae0a0d9af72,Irelanda Pinot Noir,Ireland Family Peake Ranch Vineyard Pinot Noir,0.67,0.67,4.4,57,https://www.vivino.com/en/ireland-family-peake-ranch-vineyard-pinot-noir/w/11274136,Ireland Family,Pinot Noir,United States / California / Central Coast / Santa Barbara County / Sta. Rita Hills
6b41e5ba-2a99-429d-8305-3c651508b65c,Grant Burge McLaren Vale Ink Shiraz,Grant Burge Wines Mclaren Vale Ink Shiraz,1.00,1.00,4,1103,https://www.vivino.com/en/grant-burge-wines-mclaren-vale-ink-shiraz/w/9621246,Grant Burge Wines,Shiraz/Syrah,Australia / South Australia / Fleurieu / McLaren Vale
6b5ee0e2-39b7-4ff1-a763-f5f91b7db256,Casa Beatrice con Terrazza,Casa Virginia Il Serpente Con la Cresta,0.50,0.50,4,260,https://www.vivino.com/en/casa-virginia-il-serpente-con-la-cresta/w/2058973,Casa Virginia,Shiraz/Syrah,Italy / Northern Italy / Lombardia / Bergamasca
6b90c678-dcee-4575-8c55-26483ed63143,Stag's Leap Wine Cellars Artemis Cabernet Sauvignon,Stag's Leap Wine Cellars ARTEMIS Cabernet Sauvignon,1.00,1.00,4.4,96855,https://www.vivino.com/en/stag-s-leap-wine-cellars-artemis-cabernet-sauvignon/w/1107336,Stag's Leap Wine Cellars,Cabernet Sauvignon,United States / California / North Coast / Napa County / Napa Valley
6bd3254c-7835-4fc9-be42-128b5d1a7e71,Altavista Vive Malbec,Alta Vista Vive Malbec,0.67,0.67,3.7,4427,https://www.vivino.com/en/alta-vista-vive-malbec-mendoza-red-wine/w/5876379,Alta Vista,Malbec,Argentina / Mendoza
6bd4cdf0-0718-4685-a868-5bc2a069d3f9,Orin Swift Palermo & Caymus California Cabernet Sauvignon,Orin Swift Palermo Cabernet Sauvignon,0.71,0.71,4.3,34959,https://www.vivino.com/en/orin-swift-palermo-cabernet-sauvignon/w/1208567,Orin Swift,Cabernet Sauvignon,United States / California / North Coast / Napa County / Napa Valley
6bec479d-ec66-4670-9104-63ed534bab7a,Montes Alpha Merlot,Montes Montes Alpha Merlot,1.00,1.00,3.8,11967,https://www.vivino.com/en/montes-montes-alpha-merlot/w/71324,Montes,Merlot,Chile / Central Valley / Rapel Valley / Colchagua Valley
6c1044bc-6638-4a7a-b694-f6ac44229f01,Noton Reserva Malbec,Bodega Norton Reserva Malbec,0.67,0.67,3.7,38390,https://www.vivino.com/en/bodega-norton-reserva-malbec/w/3215,Bodega Norton,Malbec,Argentina / Mendoza / Lujan de Cuyo
6c263d86-e2b7-4c65-8284-d778996dca57,Aux Pieds du Mont Choisy Bourgogne Pinot Noir,Au Pied du Mont Chauve Pinot Noir Bourgogne,0.57,0.57,3.9,602,https://www.vivino.com/en/au-pied-du-mont-chauve-pinot-noir-bourgogne/w/2825844,Au Pied du Mont Chauve,Pinot Noir,France / Bourgogne
6c333278-4dbc-456c-b102-a083d9fd9963,Olivier Leflaive Bourgogne Blanc Les Sétilles 2022,Olivier Leflaive Bourgogne 'Les Sétilles',0.67,0.67,4,20479,https://www.vivino.com/en/olivier-leflaive-bourgogne-les-setilles/w/11009,Olivier Leflaive,Chardonnay,France / Bourgogne
6c367e25-f7ac-4666-97c7-047b4bd669cb,Bohigas Reserva Cava Brut,N.V. Bohigas Reserva Cava Brut,1.00,1.00,3.8,5524,https://www.vivino.com/en/bohigas-reserva-cava-brut/w/1229249,Bohigas,100% Xarel-lo,Spain / Cava
6c40cbc1-438c-4ab7-a8c9-0e127c5ab880,Las Paradisas Reserva Malbec,Bodega Finca Las Moras Las Moras Reserva Malbec,0.75,0.75,3.6,11403,https://www.vivino.com/en/bodega-finca-las-moras-las-moras-reserva-malbec/w/1132798,Bodega Finca Las Moras,Malbec,Argentina / San Juan
6c6c87c3-8ac1-4048-aeb4-546bb8011988,Donnhoff Niederhäuser Hermannshöhle Riesling Spätlese,Dönnhoff Niederhäuser Hermannshöhle Riesling Spätlese,1.00,1.00,4.2,1567,https://www.vivino.com/en/donnhoff-niederhauser-hermannshohle-riesling-spatlese/w/1152843,Dönnhoff,Riesling,Germany / Nahe
6c71c714-77fa-42ea-a264-76a24e3ccff5,Zonin Chianti,Zonin Chianti,1.00,1.00,3.5,9865,https://www.vivino.com/en/zonin-chianti/w/1137404,Zonin,Sangiovese,Italy / Central Italy / Toscana / Chianti
6c7dd3e7-f3f4-4b83-8462-a0530e419151,Clos du Val Sauvignon Blanc,Clos du Val Sauvignon Blanc,1.00,1.00,3.9,587,https://www.vivino.com/en/clos-du-val-sauvignon-blanc/w/2003434,Clos du Val,Sauvignon Blanc,United States / California / North Coast / Napa County / Napa Valley
6c9a4b26-3f54-420f-a160-b1688c6840f7,Grgich Hills Estate Napa Valley Rosé,Grgich Hills Premiere Napa Valley Paradise Block Old Vine Cabernet Sauvignon,0.80,0.80,4.3,5359,https://www.vivino.com/en/grgich-hills-premiere-napa-valley-paradise-block-old-vine-cabernet-sauvignon/w/8332127,Grgich Hills,Cabernet Sauvignon,United States / California / North Coast / Napa County / Napa Valley / Yountville
6caa4673-444c-4156-9e41-e5926ab50953,Yalumba Barossa Shiraz,Yalumba Barossa Shiraz,1.00,1.00,3.8,2195,https://www.vivino.com/en/yalumba-barossa-shiraz/w/4295624,Yalumba,Shiraz/Syrah,Australia / South Australia / Barossa
6cd5d84c-a501-4bf1-8a2b-2d3b23b4db96,Crimson Monster McLaren Vale Shiraz,Crimson Monster Shiraz,0.60,0.60,4,168,https://www.vivino.com/en/crimson-monster-shiraz/w/11945884,Crimson Monster,Shiraz/Syrah,Australia / South Australia / Fleurieu / McLaren Vale
6cd8b119-a901-4c29-a85a-8a4d5fc2129a,Schreider Double Diamond Cabernet Sauvignon,Schrader Double Diamond Oakville Cabernet Sauvignon,0.80,0.80,4.4,7329,https://www.vivino.com/en/schrader-cellars-double-diamond-oakville-cabernet-sauvignon/w/6500931,Schrader,Cabernet Sauvignon,United States / California / North Coast / Napa County / Napa Valley / Oakville
6d0aa930-dd45-4abb-928f-eedb65594aef,Barossa Ink Cabernet Sauvignon,Grant Burge Wines Barossa Ink Cabernet Sauvignon,1.00,1.00,4,4506,https://www.vivino.com/en/grant-burge-wines-barossa-ink-cabernet-sauvignon-barossa/w/5727069,Grant Burge Wines,Cabernet Sauvignon,Australia / South Australia / Barossa
6d157a97-9e30-4f77-b070-990d99602620,Old Porter White Sweet,Perez Barquero Old Porter White Sweet,1.00,1.00,3.5,240,https://www.vivino.com/en/perez-barquero-old-porter-white-sweet/w/1570612,Perez Barquero,,Spain / Andalucía
6d77cc96-33d7-4891-9ca4-437072ca1096,Cressman Monopole,N.V. Heidsieck & Co. Monopole Blue Top Brut Champagne,0.50,0.50,3.8,13925,https://www.vivino.com/en/heidsieck-co-monopole-blue-top-brut-champagne/w/1100738,Heidsieck & Co. Monopole,100% Chardonnay,France / Champagne
6d7c0ced-a4c7-4622-964f-4ff58c2b1a12,Duckhorn Decoy Merlot,Duckhorn Napa Valley Merlot,0.67,0.67,4.2,42295,https://www.vivino.com/en/duckhorn-napa-valley-merlot/w/3474,Duckhorn,Merlot,United States / California / North Coast / Napa County / Napa Valley
6e450f56-8a89-4ae5-98ec-7109cdadfa15,Reitz Eiskwei Zero Riesling,N.V. Leitz Eins Zwei Zero Riesling,0.50,0.50,3.3,1554,https://www.vivino.com/en/leitz-eins-zwei-zero-riesling-de-rudesheim/w/5626772,Leitz,100% Riesling,Germany / Rheingau / Rüdesheim
6f7f1431-fd00-4425-9455-6a672b9eaca7,Redom Rosé Sparkling,N.V. Freixenet Italian Sparkling Rosé,0.50,0.50,3.8,8660,https://www.vivino.com/en/freixenet-italian-sparkling-rose/w/6316389,Freixenet,100% Glera,Italy / Vino d'Italia
6ff6aa79-5a86-4c58-aabc-2ad1db4a6ff0,Ramsey Pinot Noir,Ramsay Pinot Noir,0.67,0.67,3.9,2900,https://www.vivino.com/en/us-ramsay-pinot-noir/w/1508991,Ramsay,Pinot Noir,United States / California / North Coast
70096012-1c18-4977-9623-24396606053d,Stonebay Pinot Noir,Stone Bay Pinot Noir,0.67,0.67,3.3,272,https://www.vivino.com/en/stone-bay-nelson-pinot-noir/w/1640351,Stone Bay,Pinot Noir,New Zealand / South Island / Nelson
7044aad1-fca3-4a0b-b34b-151caeda136e,Rockbeare McLaren Shiraz,Wolf Blass Grey Label McLaren Vale Shiraz,0.67,0.67,4,5781,https://www.vivino.com/en/wolf-blass-grey-label-mclaren-vale-shiraz/w/1130075,Wolf Blass,Shiraz/Syrah,Australia / South Australia / Fleurieu / McLaren Vale
7108a8a5-4739-4c8e-8ed3-4816c11b8065,Les Desses Muiette Pinot Noir,Jean-Claude Boisset Pinot Noir Bourgogne 'Les Ursulines',0.50,0.50,3.6,13578,https://www.vivino.com/en/jean-claude-boisset-pinot-noir-bourgogne-les-ursulines/w/1190301,Jean-Claude Boisset,Pinot Noir,France / Bourgogne
7170c50c-ec8d-4c46-ae41-675c7b15df56,Weigel Riesling Klassik,Gruber Röschitz Bergh Ludwig Riesling Klassik,0.67,0.67,3.8,1488,https://www.vivino.com/en/gruber-roschitz-bergh-ludwig-riesling-klassik/w/8577750,Gruber Röschitz,Riesling,Austria / Weinland / Niederösterreich
71ec0c96-30b4-46db-954b-08a4a6c11885,Doctor Lindmann's Bin 65 Chardonnay,Lindeman's Bin 65 Chardonnay,0.50,0.50,3.3,17413,https://www.vivino.com/en/lindemans-bin-65-chardonnay/w/2153,Lindeman's,Chardonnay,Australia / South Eastern Australia
72004a15-e14b-4b92-9b2a-9234280e62e2,Wirra Wirra Adelaide Shiraz,Wirra Wirra Adelaide Shiraz,1.00,1.00,3.5,593,https://www.vivino.com/en/wirra-wirra-adelaide-shiraz-adelaide-hills/w/4301134,Wirra Wirra,Shiraz/Syrah,Australia / South Australia / Mount Lofty Ranges / Adelaide Hills
72443fa5-9270-44f3-9f7f-68f8a7c4a670,Cuvée des Ducs Bourgogne Pinot Noir,Domaine Camu Frères Cuvée des Ducs Bourgogne Pinot Noir,1.00,1.00,3.4,64,https://www.vivino.com/en/camu-freres-bourgogne-cuvee-prestige-pinot-noir/w/1574231,Domaine Camu Frères,Pinot Noir,France / Bourgogne
72a68f77-8750-4a7f-9804-99feb44ada1c,Poliziano Vino Nobile di Montepulciano,Poliziano Vino Nobile di Montepulciano,1.00,1.00,4,29358,https://www.vivino.com/en/poliziano-vino-nobile-di-montepulciano/w/18794,Poliziano,Sangiovese,Italy / Central Italy / Toscana / Vino Nobile di Montepulciano
72acfdc9-d2dd-4291-89ab-5c771f57add6,Shubert Estate The Hatchling Shiraz,Schubert Estate The Hatchling Shiraz,0.75,0.75,4.2,145,https://www.vivino.com/en/schubert-estate-hatchling-shiraz/w/6505812,Schubert Estate,Shiraz/Syrah,Australia / South Australia / Barossa / Barossa Valley
72ea23af-4473-4a67-afad-5cabbfc3b6a4,Buddy Pinot Noir,Maison Marigny Buddy Pinot Noir,1.00,1.00,3.7,100,https://www.vivino.com/en/maison-marigny-buddy-pinot-noir/w/7908549,Maison Marigny,Pinot Noir,France / Vin de Pays / Pays d'Oc
72f205be-fd9f-4f07-aa29-137cf31c49c1,Marlborough Vines Sauvignon Blanc,Marlborough Vines Sauvignon Blanc,1.00,1.00,3.9,678,https://www.vivino.com/en/marlborough-vines-sauvignon-blanc/w/1494033,Marlborough Vines,Sauvignon Blanc,New Zealand / South Island / Marlborough
72f9b295-c1f6-4947-9881-778f639f1234,Summerhouse Sauvignon Blanc,Summerhouse Sauvignon Blanc,1.00,1.00,4.1,4875,https://www.vivino.com/en/summerhouse-sauvignon-blanc/w/1375137,Summerhouse,Sauvignon Blanc,New Zealand / South Island / Marlborough
7303ea8e-7107-4545-bdb6-1b438f44ffb0,Piqueras Verdejo Sauvignon Blanc,Bodegas Piqueras El Abuelo Verdejo - Sauvignon Blanc,1.00,1.00,3.9,2234,https://www.vivino.com/en/bodegas-piqueras-el-abuelo-verdejo-sauvignon-blanc-almansa/w/5965066,Bodegas Piqueras,"Sauvignon Blanc, Verdejo",Spain / Castilla / Almansa
730a83fb-42a1-493b-aeaa-78f5d80eecc5,Te Mata Estate Sauvignon Blanc,Te Mata Estate Vineyards Sauvignon Blanc,1.00,1.00,4,6303,https://www.vivino.com/en/te-mata-estate-winery-limited-estate-vineyards-sauvignon-blanc/w/93258,Te Mata,Sauvignon Blanc,New Zealand / North Island / Hawke's Bay
731281f8-e18f-4ca7-a6bd-fad43d0e7410,André Clouet Champagne Ancienne Récolte 1911,N.V. Andre Clouet Un Jour de 1911 Brut Champagne Grand Cru 'Bouzy',0.67,0.67,4.3,6982,https://www.vivino.com/en/andre-clouet-un-jour-de-1911-brut-champagne-grand-cru-bouzy/w/1108851,Andre Clouet,100% Pinot Noir,France / Champagne / Montagne de Reims / Champagne Grand Cru 'Bouzy'
7325f4c3-ace7-4bcd-90ec-a84d7c21dc9c,Krug Grande Cuvée 169ème Edition,N.V. Krug Grande Cuvée,0.95,0.60,4.6,38361,https://www.vivino.com/en/krug-grande-cuvee/w/7122486,Krug,"52% Pinot Noir, 35% Chardonnay, 13% Pinot Meunier",France / Champagne
73342b27-2621-4ee2-9a5c-36202c88d6f6,Longban Merlot,Casillero del Diablo Merlot (Reserva),0.50,0.50,3.5,61463,https://www.vivino.com/en/casillero-del-diablo-merlot-reserva-central-valley/w/1135161,Casillero del Diablo,Merlot,Chile / Central Valley
7359b91f-d640-4f7e-b3d7-95b6944003a6,Ensemble Mosel Christmas Riesling,Christmas Tree Mosel Riesling,0.75,0.75,3.3,48,https://www.vivino.com/en/christmas-tree-mosel-riesling-mosel-saar-ruwer-white-wine-v-vibwq/w/5887300,,Riesling,Germany / Mosel
736470e9-5107-42ab-bb92-19f8dfaf4ce5,Submission Cabernet Sauvignon,Submission Cabernet Sauvignon,1.00,1.00,3.9,17842,https://www.vivino.com/en/submission-cabernet-sauvignon/w/6541046,Submission,Cabernet Sauvignon,United States / California
736d6b8f-5aca-49f6-ba1c-bd68089b76b5,Hardys Stamp Chardonnay Semillon,Hardys Stamp Chardonnay - Sémillon,1.00,1.00,3.4,5140,https://www.vivino.com/en/hardys-stamp-chardonnay-semillon/w/1131060,Hardys,"Chardonnay, Sémillon",Australia / South Eastern Australia
73cceacd-9e56-46d5-9206-3c9118adeb3b,Jacobs Creek Classic Chardonnay,Jacob's Creek Classic Chardonnay produced by Vinarchy,0.75,0.75,3.4,21940,https://www.vivino.com/en/jacob-s-creek-classic-chardonnay-produced-by-vinarchy/w/2274862,Jacob's Creek,Chardonnay,Australia / South Eastern Australia
73d83410-cff9-498e-a14e-cb3c1195af8e,Lucky Draw Cabernet Sauvignon,689 - Six Eight Nine Lucky Draw Cabernet Sauvignon,1.00,1.00,3.9,3221,https://www.vivino.com/en/sixhundredeightynine-six-eight-nine-lucky-draw-cabernet-sauvignon/w/8979236,689 - Six Eight Nine,Cabernet Sauvignon,United States / California
73dfc92d-b81a-46ee-83bb-514622e41ed7,Yalumba Octavius Old Vine Shiraz,Yalumba The Octavius Old Vine Shiraz,1.00,1.00,4.4,2884,https://www.vivino.com/en/yalumba-the-octavius-old-vine-shiraz/w/1397672,Yalumba,Shiraz/Syrah,Australia / South Australia / Barossa
73fbd82a-85cc-4061-9a39-6f01f07e5c96,Batig Vino Viñedo Pinot Noir,Italo Cescon Pinot Noir Vino dell'Amicizia,0.60,0.60,4,2946,https://www.vivino.com/en/italo-cescon-pinot-noir-vino-dell-amicizia/w/2674863,Italo Cescon,Pinot Noir,Italy / Northern Italy / Veneto
740a26ae-38d7-40fb-94aa-edee478fb0e6,Cinzano Prosecco,Cinzano Cuvée Storica Prosecco,1.00,1.00,3.7,5643,https://www.vivino.com/en/cinzano-cuvee-storica-prosecco-prosecco-sparkling/w/5707205,Cinzano,Glera,Italy / Northern Italy / Veneto / Prosecco
740e671c-9965-463b-b3b7-964e2b5d7526,M by Villa M Rosé,Villa M Sweet Rosé,1.00,1.00,4.2,310,https://www.vivino.com/en/villa-m-sweet-rose/w/7452357,Villa M,,Italy / Vino d'Italia
740fd2f4-c7b0-4d86-9d62-a4e7a632690e,Benoit Entre Bourgogne Chardonnay,Benoît Ente Bourgogne Chardonnay,0.75,0.75,4,917,https://www.vivino.com/en/fr-benoit-ente-bourgogne-chardonnay/w/1260359,Benoît Ente,Chardonnay,France / Bourgogne
7430fc0c-106d-4132-bb2f-dd4ebfcd1c52,Il Piato Pinot Grigio DOC,Italo Cescon Pinot Grigio Friuli Il Tralcetto,0.50,0.50,4.2,12193,https://www.vivino.com/en/italo-cescon-pinot-grigio-friuli-il-tralcetto/w/1155280,Italo Cescon,Pinot Grigio,Italy / Northern Italy / Friuli-Venezia Giulia / Friuli Grave
743bffcd-c4ff-4302-ac6d-0be9ebefe1ed,Punta de Flechas Malbec,Flechas de los Andes Punta de Flechas Malbec,1.00,1.00,3.5,6278,https://www.vivino.com/en/ar-flechas-de-los-andes-punta-de-flechas-malbec/w/1171982,Flechas de los Andes,Malbec,Argentina / Mendoza / Uco Valley / Vista Flores
743c2a9f-82f4-467e-aa88-cb5bcc93593c,Wehlener Sonnenuhr Riesling,Dr. Loosen Riesling Kabinett Wehlener Sonnenuhr,1.00,1.00,4,4582,https://www.vivino.com/en/dr-loosen-riesling-kabinett-wehlener-sonnenuhr/w/1261102,Dr. Loosen,Riesling,Germany / Mosel
744d9917-5cdd-477c-a5bc-00fa82d87590,Andeluna 1300 Malbec,Andeluna 1300 Malbec,1.00,1.00,3.7,20858,https://www.vivino.com/en/andeluna-cellars-thirteen-zero-zero-malbec/w/80339,Andeluna,Malbec,Argentina / Mendoza / Uco Valley
7483ecb6-782f-4fa7-88f6-c2a5ada81e03,Montes Alpha Pinot Noir,Montes Montes Alpha Pinot Noir,1.00,1.00,3.8,14694,https://www.vivino.com/en/montes-montes-alpha-pinot-noir/w/1129915,Montes,Pinot Noir,Chile / Aconcagua / Aconcagua Valley
74978514-9f65-48c9-ba3e-105dcf89b52f,Graham's Extra Dry White Port,N.V. W. & J. Graham's White Port Extra Dry,1.00,1.00,3.5,1147,https://www.vivino.com/en/w-j-graham-s-white-port-extra-dry/w/1619112,W. & J. Graham's,"Rabigato, Viosinho, Malvasia Fina, Gouveio, Moscatel de Alejandría",Portugal / Northern Portugal / Duriense / Porto
74ba7e45-9b3e-4c55-a9e0-5fa0018a3ac7,Château Lafite Rothschild,Château Lafite Rothschild Pauillac (Premier Grand Cru Classé),1.00,1.00,4.6,48458,https://www.vivino.com/en/chateau-lafite-rothschild-pauillac-premier-grand-cru-classe-pauillac/w/3908,Château Lafite Rothschild,"Merlot, Cabernet Sauvignon, Petit Verdot",France / Bordeaux / Médoc / Pauillac
74c4be52-357b-4b27-9264-853455124ff9,Concha y Toro Gran Reserva Cabernet Sauvignon,Concha y Toro Gran Reserva Cabernet Sauvignon,1.00,1.00,3.9,699,https://www.vivino.com/en/concha-y-toro-gran-reserva-cabernet-sauvignon-colchagua-valley-red-wine-v-vxseo/w/11224756,Concha y Toro,Cabernet Sauvignon,Chile / Central Valley / Rapel Valley / Colchagua Valley
74ca0665-c567-45b1-adbf-6ecfd9a00b1a,Toso Fioco di Vite Brachetto d'Acqui,Toso Fiocco di Vite Brachetto d'Acqui Dolce,0.80,0.80,4,823,https://www.vivino.com/en/toso-fiocco-di-vite-brachetto-d-acqui-dolce/w/4945797,Toso,Brachetto,Italy / Northern Italy / Piemonte / Brachetto d'Acqui
74cffe39-c780-42d4-aa32-59733d5ebe87,Palmeyer Napa Valley Chardonnay,Pahlmeyer Napa Valley Chardonnay,0.75,0.75,4.4,3079,https://www.vivino.com/en/pahlmeyer-napa-valley-chardonnay/w/5067,Pahlmeyer,Chardonnay,United States / California / North Coast / Napa County / Napa Valley
74d205d4-880d-4088-8ace-61dd042e0d79,19 Crimes Malbec,19 Crimes Malbec,1.00,1.00,3.6,929,https://www.vivino.com/en/nineteen-crimes-malbec/w/8464798,19 Crimes,Malbec,Argentina / Mendoza
74ee544f-6541-4e9e-a262-0167db12c67d,Dancing Flame Merlot,Dancing Flame Ojos del Salado Merlot,1.00,1.00,3.3,5473,https://www.vivino.com/en/dancing-flame-ojos-del-salado-merlot/w/2523096,Dancing Flame,Merlot,Chile / Central Valley
755ad3e8-11e7-409c-a821-03cbfe26297a,Vineyard Reserve Willamette Valley Pinot Noir,Samuel Robert Vineyard Reserve Pinot Noir Rosé,0.67,0.67,3.9,3642,https://www.vivino.com/en/samuel-robert-vineyard-reserve-pinot-noir-rose/w/9735439,Samuel Robert,Pinot Noir,United States / Oregon / Willamette Valley
75b2db22-6125-4864-887f-86ec140c6cb8,Farmers Leap Featherway Shiraz,Farmer's Leap Shiraz,0.50,0.50,3.6,1357,https://www.vivino.com/en/farmer-s-leap-shiraz/w/1191447,Farmer's Leap,Shiraz/Syrah,Australia / South Australia / Limestone Coast / Padthaway
75fcb12a-5de9-44d3-8c0e-57a671556c6b,Jayet Gilles Côte de Nuits Village,Jayer Gilles Côte de Nuits-Villages,0.60,0.60,3.9,861,https://www.vivino.com/en/jayer-gilles-cote-de-nuits-villages/w/1128923,Jayer Gilles,Pinot Noir,France / Bourgogne / Côte de Nuits / Côte de Nuits Villages
7630fef3-565e-4331-ab69-5c3e59753588,Five Star by Golden Blanc Rosé,Vitteaut-Alberti French Sparkling Three Stars by Golden Blanc Rosé Brut,0.50,0.50,3.9,25,https://www.vivino.com/en/vitteaut-alberti-french-sparkling-three-stars-by-golden-blanc-rose-brut/w/10113668,Vitteaut-Alberti,Pinot Noir,France / Bourgogne / Côte Chalonnaise / Rully
7717d2bb-e75f-4c0c-af09-1c3754e362ab,The Grape Grinder Shiraz,The Grinder Shiraz,0.67,0.67,3.6,2852,https://www.vivino.com/en/grape-grinder-shiraz/w/2056878,The Grinder,Shiraz/Syrah,South Africa / Western Cape / Coastal Region
77195b13-aa18-4267-8bbb-20e9221cbe0c,Fritz Windisch Christmas Santa Riesling Spätlese,Fritz Windisch Niersteiner Auflangen Riesling Spätlese,0.67,0.67,3.8,161,https://www.vivino.com/en/fritz-windisch-niersteiner-auflangen-riesling-spatlese/w/1575802,Fritz Windisch,Riesling,Germany / Rheinhessen / Nierstein
7770160e-a03e-435e-b83b-3b338c6402a2,Ritevelitsi Alazani Valley White,Patardzeuli Alazani Valley Red Semi Sweet (Алазанская Долина Красное Полусладкое),0.67,0.67,4.1,3004,https://www.vivino.com/en/patardzeuli-alazani-valley-red-semi-sweet-alazanskaia-dolina-krasnoe-polusladkoe/w/3596754,Patardzeuli,Saperavi,Georgia / Kakheti
7775faa7-37b4-4f4d-be1e-1d0f53149c04,Blue Nun White 100th Anniversary Edition,Blue Nun 22K Gold Edition Sparkling,0.60,0.60,3.6,3889,https://www.vivino.com/en/blue-nun-twentytwo-k-gold-edition-sparkling/w/1200091,Blue Nun,,Germany / Rheinhessen
780d4baa-8e6e-46cf-82f9-2cf3a660f1e3,Laices Tempranillo,Raíces Tempranillo,0.50,0.50,3.6,690,https://www.vivino.com/en/fernando-castro-tempranillo/w/7210482,Raíces,Tempranillo,Spain / Castilla / La Mancha
7876a613-f222-4c76-a718-95fd307eeb65,Le Bruchgahel Pinot Noir,Le Grand Noir Pinot Noir,0.67,0.67,3.7,19718,https://www.vivino.com/en/le-grand-noir-pinot-noir/w/1141077,Le Grand Noir,Pinot Noir,France / Vin de Pays / Pays d'Oc
7889bf01-7f16-42b9-9a82-533812d66697,Domaine Serene Yamhill Cuvée Pinot Noir,Domaine Serene Yamhill Cuvée Pinot Noir,1.00,1.00,4.3,11991,https://www.vivino.com/en/domaine-serene-yamhill-cuvee-pinot-noir/w/2018286,Domaine Serene,Pinot Noir,United States / Oregon / Willamette Valley
791b79a6-231d-48ba-b421-36ec35727737,Vineyard Sauvignon Blanc,Craggy Range Sauvignon Blanc Te Muna Road Vineyard,1.00,1.00,4.1,18434,https://www.vivino.com/en/craggy-range-sauvignon-blanc-te-muna-road-vineyard/w/86969,Craggy Range,Sauvignon Blanc,New Zealand / North Island / Wairarapa / Martinborough
793f3c71-e312-45eb-a891-80596f96bf2a,Kilikanoon Killerman's Run Shiraz,Kilikanoon Killerman's Run Shiraz,1.00,1.00,3.8,8841,https://www.vivino.com/en/kilikanoon-killerman-s-run-shiraz/w/56194,Kilikanoon,Shiraz/Syrah,Australia / South Australia / Mount Lofty Ranges / Clare Valley
793f9bc8-1fd6-4e95-9abf-b977481d7cf4,Mazouang Chardonnay,Majuang White Chardonnay,0.50,0.50,2.9,305,https://www.vivino.com/en/majuang-white-chardonnay/w/1221050,Majuang,Chardonnay,
797e03c1-9779-4039-8118-d996fee636aa,Cabarete Cava Brut Rosé,Vallformosa Cava Clàssic Brut Rosé,0.50,0.50,3.8,1532,https://www.vivino.com/en/vallformosa-cava-classic-brut-rose/w/6847876,Vallformosa,,Spain / Catalunya / Penedès
79a344c4-43eb-499d-8060-a163e285c77d,Zonin Prosecco,N.V. Zonin Prosecco,1.00,1.00,3.7,21977,https://www.vivino.com/en/zonin-prosecco-prosecco/w/6152269,Zonin,100% Glera,Italy / Northern Italy / Veneto / Prosecco
79b0f3b4-e1b9-408a-8ef9-cc0c9ace26a3,Coppola Diamond Collection Pinot Noir,Francis Ford Coppola Winery Diamond Collection Monterey County Pinot Noir,1.00,1.00,3.7,15085,https://www.vivino.com/en/francis-ford-coppola-winery-diamond-collection-monterey-county-pinot-noir/w/6298,Francis Ford Coppola Winery,Pinot Noir,United States / California / Central Coast / Monterey County
79ca54a5-3d34-403d-bd8c-6deed1257eee,Château Haut-Brion,Château Haut-Brion Pessac-Léognan (Premier Grand Cru Classé),1.00,1.00,4.6,48763,https://www.vivino.com/en/haut-brion-pessac-leognan-premier-grand-cru-classe/w/1152755,Château Haut-Brion,Merlot,France / Bordeaux / Graves / Pessac-Léognan
79cade62-1e48-45fd-b435-3d6db4e6d38e,Folklore Cabernet Merlot,Folklore Cabernet - Merlot,1.00,1.00,3.6,171,https://www.vivino.com/en/folklore-western-australia-cabernet-merlot/w/8432306,Folklore,"Cabernet Sauvignon, Merlot",Australia / Western Australia
79f9a538-0e1f-444f-b085-4530452165aa,Sumaroca Cava Brut Reserva,Sumarroca Cava Brut Reserva,0.67,0.67,3.7,7594,https://www.vivino.com/en/sumarroca-cava-brut-reserva/w/1179142,Sumarroca,"Chardonnay, Macabeo, Xarel-lo, Parellada",Spain / Cava
7a13a819-75f5-4341-a0b8-dc5647ebc46a,Tarapacá Gran Reserva Chardonnay,Tarapacá Gran Reserva Chardonnay,1.00,1.00,3.8,4758,https://www.vivino.com/en/tarapaca-gran-reserva-chardonnay/w/1162632,Tarapacá,Chardonnay,Chile / Aconcagua / San Antonio Valley / Leyda Valley
7a180645-db84-401a-a91d-0e3b082de74a,Frontera Spritzer Elderflower,Frontera Spritzer Chardonnay Elderflower,1.00,1.00,3.6,354,https://www.vivino.com/en/cl-frontera-spritzer-chardonnay-elderflower/w/10151650,Frontera,Chardonnay,Chile / Central Valley
7a1ee496-2556-4105-9f87-3a8f404eacbe,Beaux Manens Single Vineyard Cabernet Sauvignon,San Pedro 1865 Single Vineyard Cabernet Sauvignon,0.67,0.67,3.8,13157,https://www.vivino.com/en/san-pedro-central-valley-eighteen-sixtyfive-single-vineyard-cabernet-sauvignon/w/5900,San Pedro,Cabernet Sauvignon,Chile / Central Valley / Maipo Valley
7a305499-a39c-47fd-a7bd-4ab25e7887cc,Villa Francesca Merlot,Golubitskoe Estate - Villa Romanov Merlot,0.67,0.67,3.8,5134,https://www.vivino.com/en/golubitskoe-estate-villa-romanov-merlot/w/7179424,Golubitskoe Estate - Villa Romanov,Merlot,Russia / Kuban / Taman Peninsula
7a50720d-357e-4039-bf5d-b6e22b24960b,Duarte Número Uno Sauvignon Blanc,Antigal Winery & Estates UNO Sauvignon Blanc,0.60,0.60,3.7,831,https://www.vivino.com/en/antigal-winery-estates-uno-sauvignon-blanc/w/5935920,Antigal Winery & Estates,Sauvignon Blanc,Argentina / Mendoza
7a70e290-47f9-4356-b622-e886ef1527fc,San Pedro Sideral,San Pedro Sideral,1.00,1.00,4.1,42040,https://www.vivino.com/en/san-pedro-central-valley-sideral-cachapoal-red-wine-v-khzas/w/1108063,San Pedro,"Cabernet Sauvignon, Cabernet Franc, Petit Verdot, Carménère, Shiraz/Syrah",Chile / Central Valley / Rapel Valley / Cachapoal Valley
7a8f7ace-592b-466a-9ddb-ed5c0307c7f2,Harrods Provence Rosé,Harrods Provence Rosé,1.00,1.00,4,30,https://www.vivino.com/en/harrods-provence-rose/w/9311241,Harrods,"Shiraz/Syrah, Grenache, Cinsault",France / Provence
7a910cff-6c2e-41e2-af90-3124d58b1327,Montes Alpha Cabernet Sauvignon,Montes Montes Alpha Cabernet Sauvignon,1.00,1.00,3.9,65651,https://www.vivino.com/en/montes-montes-alpha-cabernet-sauvignon/w/71294,Montes,Cabernet Sauvignon,Chile / Central Valley / Rapel Valley / Colchagua Valley
7aa249de-2ae3-4ac8-86d1-be629ec08bb9,Charles de Fere Organic Sparkling,N.V. Charles de Fère Brut Blanc de Blancs Cuvée Jean-Louis,0.50,0.50,3.4,7295,https://www.vivino.com/en/charles-de-fere-brut-blanc-de-blancs-cuvee-jean-louis/w/1167708,Charles de Fère,100% Ugni blanc,France / Loire Valley
7aa7378c-3ca0-40da-b68c-4f7730d4c5d3,Dönnhoff Riesling Trocken,Dönnhoff Riesling Trocken,1.00,1.00,3.8,13539,https://www.vivino.com/en/donnhoff-riesling-trocken/w/1140718,Dönnhoff,Riesling,Germany / Nahe
7ab58879-4e41-40d8-8e97-6e48bf1f314f,Cannonball Sonoma Merlot,Cannonball Eleven Merlot,0.67,0.67,4,317,https://www.vivino.com/en/cannonball-eleven-merlot/w/7411001,Cannonball,Merlot,United States / California / North Coast / Sonoma County
7ac7b6b4-3264-4f96-896e-d12505200819,Errázuriz Max Reserva Cabernet Sauvignon,Errazuriz Max Reserva Cabernet Sauvignon,1.00,1.00,3.8,24109,https://www.vivino.com/en/errazuriz-max-reserva-cabernet-sauvignon/w/1990,Errazuriz,Cabernet Sauvignon,Chile / Aconcagua / Aconcagua Valley
7aeaea7c-2657-4784-bf7a-b154066e961c,Bread and Butter Rosé,Bread & Butter Rosé,1.00,1.00,3.7,3061,https://www.vivino.com/en/bread-and-butter-rose/w/7165949,Bread & Butter,Chardonnay,United States / California / North Coast / Napa County / Napa Valley
7b04451d-53cc-4997-ab96-02adb77e8c91,Petaluma Yellow Label Shiraz,Petaluma Yellow Label B & V Vineyard Shiraz,1.00,1.00,3.9,690,https://www.vivino.com/en/petaluma-yellow-label-b-v-vineyard-shiraz/w/66494,Petaluma,Shiraz/Syrah,Australia / South Australia / Mount Lofty Ranges / Adelaide Hills
7b2d260d-dda5-4266-a9a6-50f49b8adb0b,Tetanjer Reserve Brut,N.V. Taittinger Brut (Réserve) Champagne,0.50,0.50,4.2,57009,https://www.vivino.com/en/taittinger-brut-reserve-champagne/w/1129619,Taittinger,"Pinot Noir, Pinot Meunier, Chardonnay",France / Champagne
7b3092d4-7046-4fd8-bbd2-204118fe8d97,Sucardi Q Malbec,Zuccardi Q Malbec,0.50,0.50,3.9,43714,https://www.vivino.com/en/zuccardi-q-malbec/w/19429,Zuccardi,Malbec,Argentina / Mendoza / Uco Valley
7b35f75d-9f2c-4530-832b-32171fbc1784,Federico Cava Brut Organic,Federico Paternina Cava Organic Brut,1.00,1.00,3.5,2028,https://www.vivino.com/en/federico-paternina-sa-cava-organic-brut/w/10603478,Federico Paternina,"Macabeo, Xarel-lo, Parellada",Spain / Cava
7b43bde3-5bb7-4bdb-9b4b-6edc5304c498,Junquera Rosé Cru,Château Vieille Tour La Rose Saint-Émilion Grand Cru,0.50,0.50,3.9,2570,https://www.vivino.com/en/chateau-vieille-tour-la-rose-saint-emilion-saint-emilion-grand-cru/w/1678215,Château Vieille Tour La Rose,"Cabernet Franc, Merlot",France / Bordeaux / Libournais / Saint-Émilion / Saint-Émilion Grand Cru
7b507b3e-24d0-4ad1-bf73-2b6bc2887767,Vietti Moscato d'Asti,Vietti Moscato d'Asti,1.00,1.00,4.2,10106,https://www.vivino.com/en/vietti-moscato-d-asti-moscato-dasti/w/1172215,Vietti,Moscato Bianco,Italy / Northern Italy / Piemonte / Moscato d'Asti
7bedaf54-3677-4d71-908d-09a746eb568a,Harrods Pouilly Fuissé 2023,Louis Jadot Pouilly-Fuissé,0.50,0.50,4.1,21984,https://www.vivino.com/en/louis-jadot-pouilly-fuisse/w/2991,Louis Jadot,Chardonnay,France / Bourgogne / Mâconnais / Pouilly-Fuissé
7bef50f3-246c-4b26-b8b1-c6fe624f7a66,Château Margaux 2020,Château Margaux Château Margaux (Premier Grand Cru Classé),0.67,0.67,4.6,55526,https://www.vivino.com/en/chateau-margaux-chateau-margaux-premier-grand-cru-classe/w/1127795,Château Margaux,"Merlot, Cabernet Sauvignon, Cabernet Franc",France / Bordeaux / Médoc / Margaux
7c073c40-c609-4c6c-b9ea-24e4684a2a2f,Meyer The Doctor Pinot Noir,The Four Graces Pinot Noir,0.50,0.50,4,14998,https://www.vivino.com/en/the-four-graces-pinot-noir/w/8534,The Four Graces,Pinot Noir,United States / Oregon / Willamette Valley
7c0ca06e-1f58-432c-9c49-594af6c8c144,Bon Chance Moscato Rosé,Bonne Chance Moscato Rosé,0.67,0.67,3.6,97,https://www.vivino.com/en/bonne-chances-moscato-rose/w/6215291,Bonne Chance,Moscato,Spain / Castilla y León
7cdec2d0-6598-4621-9db2-44f69e841e6b,Ceravi Syrah Grenache,Domaine Lafage Bastide Miraflors Vieilles Vignes Syrah - Grenache,0.67,0.67,3.8,21909,https://www.vivino.com/en/domaine-lafage-bastide-miraflors-vieilles-vignes-syrah-grenache/w/2347332,Domaine Lafage,Shiraz/Syrah,France / Vin de Pays / Pays d'Oc / Côtes Catalanes
7d178832-8eff-4d39-b715-03018b551048,Pichini Memoro,N.V. Piccini Memoro Rosso,0.50,0.50,3.8,78447,https://www.vivino.com/en/piccini-memoro-rosso-tuscany/w/1155726,Piccini,"40% Primitivo, 30% Montepulciano, 20% Nero d'Avola, 10% Merlot",Italy / Central Italy / Toscana
7e66f412-bb76-4ee2-adf9-6c66c6f4e272,Doctor Herrmann H Riesling,Witwe Dr. H. Thanisch Erben Müller-Burggraef Berncasteler Doctor Riesling Kabinett,0.67,0.67,4.1,1537,https://www.vivino.com/en/witwe-dr-h-thanisch-erben-muller-burggraef-berncasteler-doctor-riesling-kabinett/w/100460,Witwe Dr. H. Thanisch Erben Müller-Burggraef,Riesling,Germany / Mosel
7f3c7fcb-45e6-4134-b6cb-a6893b116308,Horizon29 Riesling,Du Vin Aux Liens A L'Horizon Riesling,0.50,0.50,4,83,https://www.vivino.com/en/du-vin-aux-liens-a-l-horizon-riesling/w/10870971,Du Vin Aux Liens,Riesling,France / Vin de France
7fc9f8f1-0793-4057-b18c-c4db0a86933d,Shield Estate Shiraz,Taylors / Wakefield Estate Shiraz,0.67,0.67,3.8,12797,https://www.vivino.com/en/taylors-wakefield-estate-shiraz/w/1168203,Taylors / Wakefield,Shiraz/Syrah,Australia / South Australia / Mount Lofty Ranges / Clare Valley
802ea2b9-e2c4-49c2-9be9-0c16901de7b4,Longban Chardonnay,Kendall-Jackson Vintner's Reserve Chardonnay,0.50,0.50,3.9,52026,https://www.vivino.com/en/kendall-jackson-vintner-s-reserve-chardonnay/w/2132,Kendall-Jackson,Chardonnay,United States / California
807c3ce6-c940-41b1-9fee-32ebadced6e4,Cockburn's 10 Year White Port,N.V. Andresen 10 Year Old White Port,0.67,0.67,4.2,2493,https://www.vivino.com/en/jh-andresen-ten-year-old-white-port/w/1209490,Andresen,"Malvasia Fina, Rabigato",Portugal / Northern Portugal / Duriense / Porto
8129a579-043c-4e8f-ad92-043eea9f0fec,Tapas Garnacha Rosé,The Tapas Wine Collection Garnacha Rosé,1.00,1.00,3.4,799,https://www.vivino.com/en/the-tapas-wine-collection-garnacha-rose/w/5241887,The Tapas Wine Collection,Garnacha,Spain / Navarra
813353a1-8dcc-4939-aac7-534a12fc3b09,Charles Heidsieck Brut Millésime Champagne 1981,Charles Heidsieck Brut Millésimé,0.95,0.95,4.3,7545,https://www.vivino.com/en/charles-heidsieck-brut-millesime/w/86297,Charles Heidsieck,"Pinot Noir, Chardonnay",France / Champagne
81535ac8-9291-482b-b90b-f6b909b337d0,Boutinot Les Côtes Côtes du Rhône Villages,Boutinot Les Coteaux Côtes du Rhône Villages,1.00,1.00,3.8,8863,https://www.vivino.com/en/boutinot-southern-rhone-les-coteaux-cotes-du-rhone-villages/w/1256332,Boutinot,Shiraz/Syrah,France / Rhone Valley / Southern Rhône / Côtes-du-Rhône / Côtes-du-Rhône-Villages
81870075-cdac-4384-96ed-e16c1dd94a5f,Carmen Reserva Premier Merlot,Carmen Premier 1850 Reserva Merlot,1.00,1.00,3.6,1816,https://www.vivino.com/en/carmen-premier-1850-reserva-merlot/w/4255261,Carmen,Merlot,Chile / Central Valley / Rapel Valley / Colchagua Valley
81d04410-253f-454c-83bd-ca27dfe18c69,Achaval Ferrer Finca Altamira,Achaval-Ferrer Finca Altamira Malbec,1.00,1.00,4.5,9817,https://www.vivino.com/en/achaval-ferrer-finca-altamira-malbec/w/1176258,Achaval-Ferrer,Malbec,Argentina / Mendoza / Uco Valley / Paraje Altamira
81d539ce-56f9-49ed-9908-93780782969b,Golden Blanc 5 Star Rose,Vitteaut-Alberti French Sparkling Three Stars by Golden Blanc Rosé Brut,0.67,0.67,3.9,25,https://www.vivino.com/en/vitteaut-alberti-french-sparkling-three-stars-by-golden-blanc-rose-brut/w/10113668,Vitteaut-Alberti,Pinot Noir,France / Bourgogne / Côte Chalonnaise / Rully
81dc132f-13bf-4beb-bd6f-afb602651583,Vampire Merlot Rose,Crama Ceptura Vampire Merlot Rosé,1.00,1.00,3.3,39,https://www.vivino.com/en/crama-ceptura-vampire-merlot-rose/w/1202785,Crama Ceptura,Merlot,Romania / Dealu Mare
81e00231-b31d-4afc-bc75-00814cff53bb,Andeluna 1300 Malbec,Andeluna 1300 Malbec,1.00,1.00,3.7,20858,https://www.vivino.com/en/andeluna-cellars-thirteen-zero-zero-malbec/w/80339,Andeluna,Malbec,Argentina / Mendoza / Uco Valley
81e59c77-7cec-4fe0-81e4-87ad19c89141,Punamu Sauvignon Blanc,Pounamu Special Selection Sauvignon Blanc,0.67,0.67,4,10651,https://www.vivino.com/en/pounamu-special-selection-sauvignon-blanc/w/5264048,Pounamu,Sauvignon Blanc,New Zealand / South Island / Marlborough
8246b96a-0cc8-42d3-bc81-82a317484f7f,1865 Master Blend,San Pedro 1865 Selected Blend Master Blend,1.00,1.00,4.1,1937,https://www.vivino.com/en/san-pedro-central-valley-eighteen-sixtyfive-selected-blend-master-blend-wine-of-chile/w/8919721,San Pedro,"Shiraz/Syrah, Cabernet Sauvignon, Petit Verdot, Malbec",Chile / Wine of Chile
825c01a7-2a72-42eb-af6c-5e972e936f46,Mud House Single Vineyard Sauvignon Blanc,Mud House The Woolshed Vineyard Sauvignon Blanc,0.83,0.83,4,2822,https://www.vivino.com/en/mud-house-the-woolshed-vineyard-sauvignon-blanc/w/1455056,Mud House,Sauvignon Blanc,New Zealand / South Island / Marlborough
82650603-96ce-4307-b192-18aaea60fb39,Bourgogne Côte Chalonnaise Chardonnay,Vignerons de Buxy Bourgogne Côte Chalonnaise Chardonnay,1.00,1.00,3.7,1896,https://www.vivino.com/en/vignerons-de-buxy-bourgogne-cote-chalonnaise-chardonnay/w/1137587,Vignerons de Buxy,Chardonnay,France / Bourgogne / Côte Chalonnaise
82d20419-362d-4081-8453-f9ae54f42599,Two Rivers Sauvignon Blanc,Two Rivers Convergence Sauvignon Blanc,1.00,1.00,4,4050,https://www.vivino.com/en/nz-two-rivers-convergence-sauvignon-blanc/w/1524463,Two Rivers,Sauvignon Blanc,New Zealand / South Island / Marlborough
830f5a7b-fb0a-46e9-85c7-166f0bbb1f9b,Lake Chalice Nest Sauvignon Blanc,Lake Chalice The Nest Sauvignon Blanc,1.00,1.00,4.2,8518,https://www.vivino.com/en/lake-chalice-the-nest-sauvignon-blanc/w/1577021,Lake Chalice,Sauvignon Blanc,New Zealand / South Island / Marlborough
831fd9f4-f006-4f90-87a5-c322715e7ad2,Magis Limited Reserve Chardonnay,TerraMater Magis Limited Reserve Chardonnay,1.00,1.00,3.8,131,https://www.vivino.com/en/terramater-magis-limited-reserve-chardonnay/w/8529340,TerraMater,Chardonnay,Chile / Central Valley / Maipo Valley
8328f1ae-2d0e-4f39-a926-9da22570371b,Wittmann Mölstein Riesling Trocken GG,Wittmann Riesling Trocken,0.75,0.75,3.8,9517,https://www.vivino.com/en/wittmann-rheinhessen-riesling-trocken/w/1163958,Wittmann,Riesling,Germany / Rheinhessen
8344b9a5-36d3-4c32-9e66-b303d5e5b56f,Trivento Merry Malbec,Trivento Reserve Merry Malbec,1.00,1.00,3.7,2693,https://www.vivino.com/en/trivento-reserve-merry-malbec-mendoza-red-wine-v-efnto/w/8955664,Trivento,Malbec,Argentina / Mendoza
83dc1ae6-1f7e-49cc-9ef5-98a136f99daf,Two Hands Coach House Block,Two Hands Coach House Block Shiraz,1.00,1.00,4.4,1130,https://www.vivino.com/en/two-hands-coach-house-block-shiraz/w/1661523,Two Hands,Shiraz/Syrah,Australia / South Australia / Barossa / Barossa Valley
83e5d19a-8fc8-48d4-b582-3349d5a4c26e,Felton Road Cornish Point,Felton Road Cornish Point Pinot Noir,1.00,1.00,4.3,2541,https://www.vivino.com/en/felton-road-cornish-point-pinot-noir/w/2054916,Felton Road,Pinot Noir,New Zealand / South Island / Central Otago
83e7eafc-832d-4b88-81ac-0c0fae6beb40,19 Crimes Shiraz,19 Crimes Shiraz,1.00,1.00,3.7,11910,https://www.vivino.com/en/nineteen-crimes-shiraz-south-eastern/w/5461527,19 Crimes,Shiraz/Syrah,Australia / South Eastern Australia
83f12f75-afe6-430c-8115-bf05b5b2e73d,Romandola Il Pavone d'Oro Sangiovese Riserva,Romandiola Il Pavone d'Oro Sangiovese di Romagna Riserva,0.80,0.80,3.8,374,https://www.vivino.com/en/romandiola-il-pavone-d-oro-sangiovese-di-romagna-riserva/w/1422509,Romandiola,Sangiovese,Italy / Northern Italy / Emilia-Romagna / Romagna / Sangiovese di Romagna
84200b5d-8174-401c-9687-8c6e6fe9ed33,Tiki Single Vineyard Sauvignon Blanc,Tiki Wine & Vineyards Single Vineyard Sauvignon Blanc,1.00,1.00,4,1101,https://www.vivino.com/en/tiki-wine-vineyards-single-vineyard-sauvignon-blanc/w/1206145,Tiki Wine & Vineyards,Sauvignon Blanc,New Zealand / South Island / Canterbury / Waipara
842e6e9d-d997-4b20-8a53-d3c2377c3631,Vinocuos 713 Red,Vinocus 713 The Red,0.50,0.50,3.3,168,https://www.vivino.com/en/vinocus-713-the-red/w/7135115,Vinocus 713,Tannat,France / South West France / Pyrenées / Madiran
843556f8-e9eb-472d-8d41-5cf2d460bf06,Coppola Diamond Collection Chardonnay,Francis Ford Coppola Winery Diamond Collection Chardonnay,1.00,1.00,3.8,16569,https://www.vivino.com/en/francis-ford-coppola-winery-diamond-collection-chardonnay/w/6307,Francis Ford Coppola Winery,Chardonnay,United States / California / Central Coast / Monterey County
843e0778-75a4-4757-88de-c748c2ac0603,A to Z Oregon Bubbles Rosé,A to Z Wineworks Bubbles Rosé,0.50,0.50,3.8,692,https://www.vivino.com/en/a-to-z-wineworks-bubbles-rose/w/5690653,A to Z Wineworks,"Pinot Noir, Chardonnay",United States / Oregon
84634412-8561-406a-9e3a-3edffc0d48f8,Bonaval Cava Brut,Bonaval Cava Brut,1.00,1.00,3.4,2820,https://www.vivino.com/en/bonaval-cava-brut/w/1821721,Bonaval,"Macabeo, Parraleta",Spain / Cava
84780b28-0136-445a-9477-d01e6c035120,Undurraga Single Vineyard Chardonnay,Undurraga Single Vineyard Chardonnay,1.00,1.00,3.5,86,https://www.vivino.com/en/undurraga-single-vineyard-chardonnay/w/9467024,Undurraga,Chardonnay,Chile / Aconcagua / San Antonio Valley / Leyda Valley
848788e2-9893-454d-b5ec-05964e9c4879,Wente Riva Ranch Chardonnay,Wente Family Vineyards Riva Ranch Chardonnay,1.00,1.00,4,13637,https://www.vivino.com/en/wente-family-vineyards-riva-ranch-chardonnay/w/1742845,Wente Family Vineyards,Chardonnay,United States / California / Central Coast / Monterey County / Arroyo Seco
84a0d3b7-8175-40ba-b55d-7be52fe2dfa7,Olla Spritz,N.V. CHANDON Argentina Spritz Orange Peel & Spices,0.50,0.50,3.9,4701,https://www.vivino.com/en/chandon-argentina-spritz-orange-peel-spices/w/9618321,CHANDON Argentina,"Pinot Noir, Sémillon, Chardonnay",Argentina / Mendoza
84e97ce8-572f-495a-9d56-6ba5df6cb5a2,Villa M Mimikis Rosé,Villa M Rosé,0.50,0.50,3.7,355,https://www.vivino.com/en/villa-m-rose/w/2446589,Villa M,"Moscato, Brachetto",Italy / Northern Italy / Piemonte
84f6dea0-e35f-433b-bbed-56837b1bb677,Tolaini Legit IGT,Tolaini Legit Cabernet Sauvignon,0.67,0.67,3.9,3948,https://www.vivino.com/en/tolaini-legit-cabernet-sauvignon/w/7126568,Tolaini,Cabernet Sauvignon,Italy / Central Italy / Toscana
85ea8610-430c-4203-8504-dd2541d1692a,Pike Eastside Shiraz,Pikes Eastside Shiraz,0.67,0.67,3.7,1133,https://www.vivino.com/en/polish-hill-river-road-eastside-shiraz/w/1174090,Pikes,Shiraz/Syrah,Australia / South Australia / Mount Lofty Ranges / Clare Valley
87345dff-4f1a-40f3-ac1d-dc031def07ee,Mazzuoli Nobile Italia,Figli d'Italia Leone d'Oro Vino Nobile di Montepulciano,0.67,0.67,3.7,5170,https://www.vivino.com/en/leone-d-oro-leone-d-oro-vino-nobile-di-montepulciano/w/2017776,Figli d'Italia,Sangiovese,Italy / Central Italy / Toscana / Vino Nobile di Montepulciano
8741eb05-a665-4fb1-8c9b-6a83a43d287d,Malpighi Frizzante,Mionetto Prosecco Treviso Frizzante,0.50,0.50,3.6,4868,https://www.vivino.com/en/mionetto-prosecco-treviso-frizzante-da8db5/w/6347661,Mionetto,Glera,Italy / Northern Italy / Veneto / Prosecco / Prosecco di Treviso
8789f5da-ed4b-4888-b0a4-f399786f4729,Casa Lincoln,Casa Ferreirinha Papa Figos Douro,0.50,0.50,3.9,95308,https://www.vivino.com/en/casa-ferreirinha-papa-figos-douro/w/1650763,Casa Ferreirinha,"Tempranillo, Touriga Nacional",Portugal / Northern Portugal / Duriense / Douro
88172216-865e-4d99-bebb-709c1fc1ceb3,Hoffmann Gaiet Haute Côte de Nuits Rouge,Didier Fornerol Côte de Nuits-Villages Rouge,0.50,0.50,4,1383,https://www.vivino.com/en/didier-fornerol-cote-de-nuits-villages-rouge/w/1554111,Didier Fornerol,Pinot Noir,France / Bourgogne / Côte de Nuits / Côte de Nuits Villages
88ed733e-781b-4709-92e7-b3e502f8275c,Now & My Sauvignon Blanc,Alceño My Pet Sauvignon Blanc,0.67,0.67,3.7,288,https://www.vivino.com/en/alceno-my-pet-sauvignon-blanc-vino-de-mesa/w/9029175,Alceño,Sauvignon Blanc,Spain / Vino de España
8963b058-050c-41bc-9291-53c9580c3f4e,Cannibal Shiraz,Mollydooker Carnival of Love Shiraz,0.50,0.50,4.4,10342,https://www.vivino.com/en/mollydooker-winery-carnival-of-love-shiraz/w/16470,Mollydooker,Shiraz/Syrah,Australia / South Australia / Fleurieu / McLaren Vale
89dce027-7087-4112-82a8-a046ecffb0e5,Terlan Pinot Grigio,Terlan (Terlano) Tradition Pinot Grigio,1.00,1.00,3.9,8595,https://www.vivino.com/en/terlan-terlano-tradition-pinot-grigio-alto-adige/w/77651,Terlan (Terlano),Pinot Grigio,Italy / Northern Italy / Trentino-Alto Adige / Südtirol - Alto Adige
8a67cf43-4fe4-446d-845a-5bf0e2ddc758,Parellada Stars Reserva Cava Brut Nature,Castillo Perelada Cava Stars Reserva Brut Nature,0.80,0.80,3.8,206,https://www.vivino.com/en/castillo-perelada-cava-stars-reserva-brut-nature-cava/w/5935757,Castillo Perelada,"Chardonnay, Pinot Noir, Macabeo, Xarel-lo, Parellada",Spain / Cava
8ac16a3c-b07d-4144-8682-353ac9e4e74d,Les Adages Bourgogne Pinot Noir,Les Adages JB Jessiaume Bourgogne Pinot Noir,1.00,1.00,3.9,188,https://www.vivino.com/en/les-adages-jb-jessiaume-bourgogne-pinot-noir/w/11125290,Les Adages,Pinot Noir,France / Bourgogne
8ac9a2ab-d39d-460e-9417-1169e372b0e1,Stoller Dundee Hill Pinot Noir,Stoller Family Estate Dundee Hills Pinot Noir,0.80,0.80,4,5557,https://www.vivino.com/en/stoller-family-estate-dundee-hills-pinot-noir/w/1810194,Stoller Family Estate,Pinot Noir,United States / Oregon / Willamette Valley / Dundee Hills
8af8031e-931a-4f69-b352-8d5c76547c77,Two Hands Naughty Deuces,Two Hands Angels' Share Shiraz,0.50,0.50,4,25504,https://www.vivino.com/en/two-hands-angels-share-shiraz/w/6168,Two Hands,Shiraz/Syrah,Australia / South Australia / Fleurieu / McLaren Vale
8b0f46ae-a10d-4c3d-a64f-d39600845779,Diablo Dark Red,Diablo Dark Red,1.00,1.00,4.1,60083,https://www.vivino.com/en/diablo-maule-valley-dark-red/w/6123450,Diablo,Shiraz/Syrah,Chile / Central Valley / Maule Valley
8b1606e0-a456-43d4-9ef5-ad674ccde531,Jean Lapole Bourgogne Pinot Noir,Jean-Claude Boisset Pinot Noir Bourgogne 'Les Ursulines',0.80,0.80,3.6,13578,https://www.vivino.com/en/jean-claude-boisset-pinot-noir-bourgogne-les-ursulines/w/1190301,Jean-Claude Boisset,Pinot Noir,France / Bourgogne
8b287498-2ded-4137-8605-79fec92e7868,Louis Roederer Cristal Brut,Louis Roederer Cristal Brut Champagne (Millésimé),1.00,1.00,4.6,52609,https://www.vivino.com/en/louis-roederer-cristal-brut-champagne-millesime/w/74304,Louis Roederer,"Pinot Noir, Chardonnay",France / Champagne
8b58a46c-9ca8-44f2-9ab9-8e205f02d7f8,Stone Bay Red Blend,Stone Bay Red Blend,1.00,1.00,3.4,89,https://www.vivino.com/en/stone-bay-nelson-red-blend/w/12762736,Stone Bay,"Cabernet Sauvignon, Malbec, Merlot, Pinot Noir",New Zealand / North Island / Hawke's Bay
8b5abd65-58b0-456f-9b73-0dfd8fbc01fe,Monasteriollo Cava Brut,Monasteriolo Cava Brut,0.50,0.50,3.5,1327,https://www.vivino.com/en/monasteriolo-cava-brut-cava/w/1211932,Monasteriolo,"Macabeo, Xarel-lo, Parellada",Spain / Cava
8b84085e-56c9-4dd8-bdea-b04793c7a2de,Spellbound Merlot,Spellbound Merlot,1.00,1.00,3.8,1424,https://www.vivino.com/en/spellbound-wines-merlot/w/1262858,Spellbound,Merlot,United States / California
8b8f1660-7303-4cf5-80a3-3497fb7a0aa0,Diablo Tinto,Juan Diablo Tinto,1.00,1.00,3.3,30,https://www.vivino.com/en/juan-diablo-tinto-tarija-red-wine-v-js9ud/w/6465333,,,Bolivia / Tarija
8b94df73-998a-429d-98ba-cf32bc0f5b53,Nice Angel Merlot,Vignobles Vellas Nice Angel Merlot,1.00,1.00,4.2,766,https://www.vivino.com/en/vignobles-vellas-nice-angel-merlot-languedoc/w/9125548,Vignobles Vellas,Merlot,France / Languedoc-Roussillon / Languedoc
8bb6f0f2-b5b6-4c20-a3ca-1da517a98c21,Dominio de la Vega Idilicum Cava Brut,N.V. Dominio de la Vega Cava Idilicum Brut,1.00,1.00,3.6,1000,https://www.vivino.com/en/dominio-de-la-vega-cava-idilicum-brut/w/1489469,Dominio de la Vega,100% Macabeo,Spain / Cava
8bbb6e82-8b46-4c58-b93d-eae90adf2935,Morgan David Concord,Mogen David Concord,0.67,0.67,3.3,2502,https://www.vivino.com/en/mogen-david-concord/w/1135787,Mogen David,Concord,United States / New York
8be0de1c-00c4-4fc0-ad2e-e5be830253aa,Duckhorn Decoy Chardonnay,Decoy Chardonnay,0.95,0.95,3.8,10417,https://www.vivino.com/en/decoy-chardonnay/w/1162743,Decoy,Chardonnay,United States / California
8c43a421-6b92-4d75-9df2-b3c98ccb868c,Jacobs Creek Classic Merlot,Jacob's Creek Classic Merlot,0.75,0.75,3.4,7904,https://www.vivino.com/en/jacob-s-creek-classic-merlot/w/2120028,Jacob's Creek,Merlot,Australia / South Eastern Australia
8c626482-f0ab-43a2-9013-d8f95533082e,Macpherson Shiraz,McPherson Andrew Mcpherson Shiraz,0.50,0.50,3.6,2287,https://www.vivino.com/en/mcpherson-5781-andrew-mcpherson-shiraz/w/1119884,McPherson,Shiraz/Syrah,Australia / South Eastern Australia
8c715d6a-312d-4ef1-b671-9ed9ed2ff9d7,Hershey Vineyard Bohan-Dillon Pinot Noir,Hirsch Vineyards The Bohan-Dillon Pinot Noir,0.67,0.67,4.2,2434,https://www.vivino.com/en/hirsch-vineyards-the-bohan-dillon-pinot-noir/w/15693,Hirsch Vineyards,Pinot Noir,United States / California / North Coast / Sonoma County / Sonoma Coast
8c99a5a5-ce70-48cb-b5b7-ebf10d7182b7,Mood Prosecco Luminous,Mood Prosecco,0.95,0.95,3.6,68,https://www.vivino.com/en/mood-prosecco-prosecco/w/9911373,Mood,Glera,Italy / Northern Italy / Veneto / Prosecco
8ca63b1f-a629-4e4d-895d-b3fc1d24b68e,Blue Nun Rosé Edition,Blue Nun 24k Rosé Edition,1.00,1.00,3.5,109,https://www.vivino.com/en/blue-nun-twentyfour-k-rose-edition/w/8218061,Blue Nun,"Cabernet Sauvignon, Trebbiano, Airen",Germany / Rheinhessen
8caafa68-3693-446e-9ca8-b19d9512555e,Frescobaldi Artemis Pinot Grigio,Artemis Pinot Grigio,0.95,0.95,3.6,198,https://www.vivino.com/en/artemis-pinot-grigio/w/5716295,Artemis,Pinot Grigio,Australia / New South Wales / South Coast / Southern Highlands
8cb0588e-516b-4e42-8159-5508816e8430,Walter Hanzel Cuvée Alice Pinot Noir,Walter Hansel Cuvée Alyce Pinot Noir,0.67,0.67,4.2,1276,https://www.vivino.com/en/walter-hansel-cuvee-alyce-pinot-noir/w/1084477,Walter Hansel,Pinot Noir,United States / California / North Coast / Sonoma County / Russian River Valley
8cb6ab05-ca98-412f-803f-6d7e94cac334,Belsta Prosecco Cult,N.V. Belstar Prosecco Cult,0.67,0.67,3.7,1476,https://www.vivino.com/en/belstar-prosecco-cult/w/2597906,Belstar,100% Glera,Italy / Northern Italy / Veneto / Prosecco
8cb7d474-3b26-41ca-a3b7-c81e19244e4d,Domaine Comte Georges de Vogue Musigny Blanc Grand Cru 2021,Domaine Comte Georges de Vogüé Musigny Grand Cru Blanc,0.89,0.89,4.6,268,https://www.vivino.com/en/domaine-comte-georges-de-vogue-musigny-grand-cru-blanc/w/1529240,Domaine Comte Georges de Vogüé,Chardonnay,France / Bourgogne / Côte de Nuits / Chambolle-Musigny / Musigny Grand Cru
8cb91287-3323-4abe-ad06-3a0699ad7c4d,Domaine Fabien Coche Chardonnay Bourgogne Côte d'Or 2022,Domaine Fabien Coche (Domaine Coche-Bizouard) Chardonnay Bourgogne Cote d'Or,0.86,0.86,4.1,1047,https://www.vivino.com/en/domaine-fabien-coche-domaine-coche-bizouard-chardonnay-bourgogne-cote-d-or/w/7270238,Domaine Fabien Coche (Domaine Coche-Bizouard),Chardonnay,France / Bourgogne
8ce0ef63-52ac-4f0f-bf40-f25c02c02cb4,Santero Pinot Chardonnay Spumante,Santero Pinot - Chardonnay Brut,0.75,0.75,3.4,7142,https://www.vivino.com/en/santero-pinot-chardonnay-brut/w/1210312,Santero,"Chardonnay, Pinot Bianco",Italy / Northern Italy / Piemonte
8d0073bb-0ce3-4c39-9689-85fa938f6265,Killibinning Scream Shiraz,Killibinbin Scream Shiraz,0.67,0.67,3.8,1245,https://www.vivino.com/en/killibinbin-scream-shiraz/w/3080757,Killibinbin,Shiraz/Syrah,Australia / South Australia / Fleurieu / Langhorne Creek
8d2ca347-73bf-41f9-a8f6-79bab1d1c20b,1865 Selected Vineyard Carmenere,San Pedro 1865 Selected Vineyards Carmenère,0.75,0.75,4.1,8707,https://www.vivino.com/en/san-pedro-central-valley-eighteen-sixtyfive-selected-vineyards-carmenere-colchagua-valley/w/6264916,San Pedro,Carménère,Chile / Central Valley / Rapel Valley / Colchagua Valley
8d59f861-2e03-4a19-a1b0-a106f761365f,Rose's Super Thesaurus,Yellow Tail Super Crisp Chardonnay,0.50,0.50,3.6,3070,https://www.vivino.com/en/yellow-tail-super-crisp-chardonnay/w/7446054,Yellow Tail,Chardonnay,Australia / South Eastern Australia
8d5a46cc-4ed9-4595-9009-c3d6afbf6bd4,Ciao Primitivo Merlot IGT,Ciao Primitivo - Merlot,0.95,0.95,3.5,282,https://www.vivino.com/en/ciao-emilia-romagna-primitivo-merlot/w/1938439,Ciao,"Merlot, Primitivo",Italy / Southern Italy / Puglia
8e39f2e3-d6e2-48a7-9682-759ee18bd43d,Fohrenberger Volper Goldgrube Riesling Spätlese,Weingut Vollenweider Wolfer Goldgrube Riesling Spätlese,0.60,0.60,4.1,1309,https://www.vivino.com/en/weingut-vollenweider-wolfer-goldgrube-riesling-spatlese/w/1105756,Weingut Vollenweider,Riesling,Germany / Mosel
8e4713d1-9267-4c84-bfc6-8845de00718a,Riedel Lucaris Tokyo Riesling,Weingut Pension Riedel Fankeler Riesling Trocken,0.50,0.50,3.9,29,https://www.vivino.com/en/weingut-pension-riedel-fankeler-riesling-trocken/w/1696754,Weingut Pension Riedel,Riesling,Germany / Mosel
8e59dae0-9087-4629-b252-be32f6ea33f2,Parella Merlot,Agriloro Tenimento la Prella Merlot-Riserva,0.50,0.50,4.1,1737,https://www.vivino.com/en/agriloro-tenimento-la-prella-merlot-riserva/w/1141152,Agriloro,Merlot,Switzerland / Ticino
8e62e427-e336-4ea2-ad11-096f66d0f811,Hardy VR Shiraz,Hardys VR Shiraz,0.50,0.50,3.3,5522,https://www.vivino.com/en/hardys-vr-shiraz/w/1131075,Hardys,Shiraz/Syrah,Australia / South Eastern Australia
8eacba20-e1c3-4ca5-a2f4-7874e076cbeb,Pecavi Chardonnay,Peccavi Chardonnay,0.50,0.50,4.1,683,https://www.vivino.com/en/peccavi-chardonnay/w/1192315,Peccavi,Chardonnay,Australia / Western Australia / South West Australia / Margaret River
8eb3dd5b-9141-4069-9867-58a92c44be72,Jobard Morey Haute Côte de Beaune Rouge,Domaine de la Vougeraie Côte de Beaune Les Pierres Blanches Rouge,0.50,0.50,4.2,1305,https://www.vivino.com/en/domaine-de-la-vougeraie-cote-de-beaune-les-pierres-blanches-rouge/w/79028,Domaine de la Vougeraie,Pinot Noir,France / Bourgogne / Côte de Beaune
8ef9f948-58e0-44f2-a256-9707c3cdeac4,Krug Grande Cuvée 169ème Edition,N.V. Krug Grande Cuvée,0.95,0.60,4.6,38361,https://www.vivino.com/en/krug-grande-cuvee/w/7122486,Krug,"52% Pinot Noir, 35% Chardonnay, 13% Pinot Meunier",France / Champagne
8f2148c2-6b51-4048-886e-387b53b088b1,Robert Mondavi Napa Valley Pinot Noir,Robert Mondavi Winery Spotlight Collection Martini Selection Pinot Noir,0.67,0.67,4.1,143,https://www.vivino.com/en/robert-mondavi-winery-spotlight-collection-martini-selection-pinot-noir/w/7712069,Robert Mondavi Winery,Pinot Noir,United States / California / North Coast / Napa County / Napa Valley
8f964f7d-2d8b-4d1b-9428-f3e085d63375,Villa Maria Mac the Mead Chardonnay Gisborne,Villa Maria Gisborne Reserve Chardonnay,0.67,0.67,3.6,93,https://www.vivino.com/en/villa-maria-auckland-gisborne-reserve-chardonnay/w/3269172,Villa Maria,Chardonnay,New Zealand / North Island / Gisborne
8ffe6335-479c-477f-9186-f776c42d5462,Concha y Toro Sparkling Brut Rosé,Concha y Toro Brut,0.67,0.67,3.6,7072,https://www.vivino.com/en/concha-y-toro-brut/w/1136463,Concha y Toro,"Chardonnay, Chenin Blanc, Riesling",Chile / Central Valley
90010c20-27f2-432c-95d7-1222844514b2,Hanns Bauer Riesling Trocken,Hans Baer Riesling Trocken,0.50,0.50,4,30531,https://www.vivino.com/en/hans-baer-riesling-trocken/w/5548979,Hans Baer,Riesling,Germany / Rheinhessen
90d25a21-d7a9-4cf7-a0e1-e93486e32912,Lenz Moser Willy Vineyard Riesling,Lenz Moser Selection Riesling,0.60,0.60,3.6,71,https://www.vivino.com/en/lenz-moser-selection-riesling-niederosterreich/w/11952910,Lenz Moser,Riesling,Austria / Weinland / Niederösterreich
90ed6531-1717-40c3-8927-63f08b544ba5,Barn Vineyards Flavabom Vine Dried Shiraz,Flavabom Vine Dried Shiraz,0.95,0.95,4,4937,https://www.vivino.com/en/flavabom-vine-dried-shiraz/w/4720020,Flavabom,Shiraz/Syrah,Australia / South Australia
91357cb3-b75a-46ec-b8e5-248d372e8575,Roche Mazet Chardonnay,Roche Mazet Cuvée Spéciale Chardonnay,1.00,1.00,3.4,8775,https://www.vivino.com/en/fr-roche-mazet-cuvee-speciale-chardonnay/w/2332011,Roche Mazet,Chardonnay,France / Vin de Pays / Pays d'Oc
913c8c87-c7a8-46e2-836f-c2246bb28a24,Schloss Johannisberg Grünlack Riesling Spätlese,Schloss Johannisberg Grünlack Riesling Spätlese,1.00,1.00,4.2,4726,https://www.vivino.com/en/schloss-johannisberg-grunlack-riesling-spatlese/w/1608522,Schloss Johannisberg,Riesling,Germany / Rheingau
914ba1d1-fd19-426c-b3eb-420bc2b3fcc3,Finca las Moras Reserva Malbec,Bodega Finca Las Moras Las Moras Reserva Malbec,1.00,1.00,3.6,11403,https://www.vivino.com/en/bodega-finca-las-moras-las-moras-reserva-malbec/w/1132798,Bodega Finca Las Moras,Malbec,Argentina / San Juan
91b1c3f4-b06c-44ed-8060-a9dde5d34feb,Tarapacá Reserva Sauvignon Blanc,Tarapacá Gran Reserva Sauvignon Blanc,1.00,1.00,3.7,3553,https://www.vivino.com/en/tarapaca-gran-reserva-sauvignon-blanc/w/4024,Tarapacá,Sauvignon Blanc,Chile / Aconcagua / San Antonio Valley / Leyda Valley
91c7840a-41fe-4764-8fd3-046f9f6dd7d4,Allan Scott Rosé,Allan Scott Rosé,1.00,1.00,3.7,328,https://www.vivino.com/en/allan-scott-rose/w/5034281,Allan Scott,Pinot Noir,New Zealand / South Island / Marlborough
920a5059-3fa1-4b54-bd89-c5fbcaa304fe,Rusden Black Guts Shiraz,Rusden Black Guts Shiraz,1.00,1.00,4.3,1805,https://www.vivino.com/en/rusden-wines-black-guts-shiraz/w/1909893,Rusden,Shiraz/Syrah,Australia / South Australia / Barossa / Barossa Valley
922abae2-5885-48aa-8275-ac56c376c2ae,Prophecy Pinot Noir,Prophecy Pinot Noir,1.00,1.00,3.7,13189,https://www.vivino.com/en/prophecy-pinot-noir/w/4068896,Prophecy,Pinot Noir,United States / California
92463640-1d4a-4953-a97c-a5bc20eba14b,Santa Carolina Reserva de Familia Cabernet Sauvignon,Santa Carolina Reserva de Familia Cabernet Sauvignon,1.00,1.00,3.8,9706,https://www.vivino.com/en/santa-carolina-reserva-de-familia-cabernet-sauvignon/w/8229,Santa Carolina,Cabernet Sauvignon,Chile / Central Valley / Maipo Valley
925f2608-b29e-4ef4-9893-54b4c5dd0b46,Balbendo Reserva Cava Brut Nature,Juvé & Camps Cava Gran Reserva Brut Nature Reserva de la Familia,0.75,0.75,3.9,38363,https://www.vivino.com/en/juve-camps-cava-gran-reserva-brut-nature-reserva-de-la-familia/w/1136856,Juvé & Camps,"Macabeo, Xarel-lo, Parellada",Spain / Cava
9260753a-6802-4d01-90ce-f93dbdd22abc,Viña Aromo Cabaña Reserva Merlot,Viña Palo Alto Reserva II (Merlot - Shiraz - Tempranillo - Viognier),0.60,0.60,3.5,8298,https://www.vivino.com/en/vina-palo-alto-reserva-ii-merlot-shiraz-tempranillo-viognier/w/1231378,Viña Palo Alto,"Shiraz/Syrah, Merlot, Tempranillo, Viognier",Chile / Central Valley / Maule Valley
926f1eff-34be-4eee-984e-bc8935a35352,Pike Hills and Valley Riesling,Waipara Hills Waipara Valley  Riesling,0.75,0.75,4,1202,https://www.vivino.com/en/waipara-hills-waipara-valley-riesling/w/1146634,Waipara Hills,Riesling,New Zealand / South Island / Canterbury / Waipara
92831db3-558f-4c5e-9479-afd8b71971ac,Federico Paternina Cava Brut Rosé,Federico Paternina Cava Brut Vintage Rosé,1.00,1.00,3.4,198,https://www.vivino.com/en/federico-paternina-sa-cava-brut-vintage-rose/w/4341955,Federico Paternina,"Pinot Noir, Monastrell",Spain / Cava
928b3f9f-5aea-4166-9f06-880b1e14362f,Alsatian Grand Malbec,Piattelli Limited Production Malbec Grand Reserve,0.67,0.67,4.1,21174,https://www.vivino.com/en/piattelli-limited-production-malbec-grand-reserve/w/1881482,Piattelli,Malbec,Argentina / Mendoza / Lujan de Cuyo
92a93fe1-a83e-4afa-a206-702c95de8ab4,Gemma di Luna Pinot Grigio,Gemma di Luna Pinot Grigio,1.00,1.00,3.9,2653,https://www.vivino.com/en/gemma-di-luna-pinot-grigio/w/5864535,Gemma di Luna,Pinot Grigio,Italy / Northern Italy / Veneto / delle Venezie
92efec69-e212-46cb-8372-ca2e57500c4b,MissesQ Shiraz,Penfolds Koonunga Hill Shiraz - Cabernet,0.50,0.50,3.7,62364,https://www.vivino.com/en/penfolds-koonunga-hill-shiraz-cabernet/w/1306,Penfolds,Cabernet Sauvignon,Australia / South Australia
92f0db79-f413-4a50-8154-33bf82c151c4,Butternut Chardonnay,Butternut Chardonnay,1.00,1.00,3.6,5366,https://www.vivino.com/en/butternut-chardonnay/w/1657009,Butternut,Chardonnay,United States / California
92f1c9e2-10f7-4743-8670-23d381dae0ec,Saint Hallett Old Block Shiraz,St Hallett Old Block Shiraz,0.80,0.80,4.3,2632,https://www.vivino.com/en/st-hallett-old-block-shiraz/w/1784157,St Hallett,Shiraz/Syrah,Australia / South Australia / Barossa
92f4ca2d-32ac-42fd-8bf5-55d9e5e87df7,Château Mouton Rothschild 2015,Château Mouton Rothschild Pauillac (Premier Grand Cru Classé),0.75,0.75,4.6,90603,https://www.vivino.com/en/chateau-mouton-rothschild-pauillac-premier-grand-cru-classe/w/1684223,Château Mouton Rothschild,"Merlot, Cabernet Sauvignon",France / Bordeaux / Médoc / Pauillac
9307535c-34c7-45e6-8894-fbc7371382d1,Two Hands Gnarly Dudes Shiraz,Two Hands Gnarly Dudes Shiraz,1.00,1.00,4,16907,https://www.vivino.com/en/two-hands-gnarly-dudes-shiraz/w/6169,Two Hands,Shiraz/Syrah,Australia / South Australia / Barossa / Barossa Valley
9322eb1d-68e0-4f6d-b43c-5a6cb2d5c78e,Louis Roederer Carte Blanche NV,N.V. Louis Roederer Carte Blanche Champagne (Demi-Sec),1.00,1.00,4.2,3224,https://www.vivino.com/en/louis-roederer-carte-blanche-champagne-demi-sec/w/2211821,Louis Roederer,100% Pinot Noir,France / Champagne
934c0309-2902-4ee5-994e-dace26ddad1f,Ziploc Chardonnay,Kendall-Jackson Vintner's Reserve Chardonnay,0.50,0.50,3.9,52026,https://www.vivino.com/en/kendall-jackson-vintner-s-reserve-chardonnay/w/2132,Kendall-Jackson,Chardonnay,United States / California
934e250d-bde3-4966-883c-fe1eb9f67f0a,Fonseca Tawny Port,N.V. Fonseca Tawny Port,1.00,1.00,3.7,2672,https://www.vivino.com/en/fonseca-guimaraens-tawny-port/w/1591326,Fonseca,100% Touriga Nacional,Portugal / Northern Portugal / Duriense / Porto
9355c5a8-6360-46a1-9eac-7a976fc93b14,Egon Müller Scharzhofberger Riesling Kabinett,Egon Müller - Scharzhof Scharzhofberger Riesling Kabinett,1.00,1.00,4.4,4143,https://www.vivino.com/en/egon-muller-scharzhof-scharzhofberger-riesling-kabinett/w/86685,Egon Müller - Scharzhof,Riesling,Germany / Mosel / Wiltingen
9361ddfe-891c-43e3-aa8e-00abaef7cfe2,Billecart-Salmon Le Rosé NV,Billecart-Salmon Le Rosé Champagne,1.00,1.00,4.3,88,https://www.vivino.com/en/champagne-billecart-salmon-le-rose-champagne/w/13450619,Billecart-Salmon,"Pinot Meunier, Chardonnay, Pinot Noir",France / Champagne
93803190-d8aa-40cf-9673-f83ca0ab5f6d,Springfield Life From Stone Sauvignon Blanc,Springfield Estate Life from Stone Sauvignon Blanc,1.00,1.00,4.2,13451,https://www.vivino.com/en/springfield-life-from-stone-sauvignon-blanc/w/1192074,Springfield Estate,Sauvignon Blanc,South Africa / Western Cape / Breede River Valley / Robertson
93bc036b-78da-4b71-bf58-ded79bda99e3,Jacobs Creek Classic Shiraz,Jacob's Creek Classic Shiraz - Cabernet,0.75,0.75,3.4,29925,https://www.vivino.com/en/jacob-s-creek-classic-shiraz-cabernet/w/1162019,Jacob's Creek,"Shiraz/Syrah, Cabernet Sauvignon",Australia / South Eastern Australia
93e487d1-de22-424c-af81-524693f27465,Jacobs Creek Double Barrel Shiraz,Jacob's Creek Double Barrel Shiraz,0.80,0.80,3.9,19901,https://www.vivino.com/en/jacob-s-creek-double-barrel-shiraz/w/2521525,Jacob's Creek,Shiraz/Syrah,Australia / South Australia
93eb34b5-010e-4839-95b3-cc317f7ba3b7,Luc Belaire Rosé,N.V. Luc Belaire Rosé (Rare),1.00,1.00,3.9,3873,https://www.vivino.com/en/luc-belaire-rose-rare/w/1468538,Luc Belaire,"Shiraz/Syrah, Cinsault, Grenache",France / Provence
93fb8fdc-b4f7-4135-9462-13d581ee8b87,Felton Road Pinot Noir,Felton Road Bannockburn Pinot Noir,1.00,1.00,4.2,11446,https://www.vivino.com/en/felton-road-bannockburn-pinot-noir/w/88318,Felton Road,Pinot Noir,New Zealand / South Island / Central Otago / Bannockburn
943aff0c-5c4d-41a7-83f9-05b3a828245d,Aubert Sonoma Coast Chardonnay,Aubert Sonoma Coast Chardonnay,1.00,1.00,4.5,2208,https://www.vivino.com/en/aubert-wines-sonoma-coast-chardonnay/w/5343233,Aubert,Chardonnay,United States / California / North Coast / Sonoma County / Sonoma Coast
9457bd77-296a-4ed6-b8a6-e5b2bb83fb5d,Bossio Truffle Hunter Leda Barolo DOCG,Luca Bosio Truffle Hunter Leda Barolo,0.67,0.67,3.8,1330,https://www.vivino.com/en/luca-bosio-truffle-hunter-leda-barolo-barolo/w/6412903,Luca Bosio,Nebbiolo,Italy / Northern Italy / Piemonte / Barolo
9482478c-0dad-4a8a-a8d2-e27d94ff3ce2,Muvidor Luna Brut Cava,Murviedro Cava Arts de Luna Brut,0.67,0.67,3.6,953,https://www.vivino.com/en/murviedro-cava-arts-de-luna-brut/w/7055060,Murviedro,Macabeo,Spain / Cava
94a25ac7-bd20-422c-bc5d-7d1c34d5a8df,Shh It's Riesling,Peter Mertes Shhh... It's Dry Riesling,0.50,0.50,3.8,2189,https://www.vivino.com/en/peter-mertes-shhh-it-s-dry-riesling/w/8387597,Peter Mertes,Riesling,Germany / Mosel
94f8eeca-594a-4522-8f0f-c57d2300b6ad,Casabianca Prosecco,Casa Bianca Valdobbiadene Prosecco Superiore Brut,0.50,0.50,3.6,1706,https://www.vivino.com/en/it-casa-bianca-valdobbiadene-prosecco-superiore-brut/w/1370686,Casa Bianca,Glera,Italy / Northern Italy / Veneto / Prosecco / Conegliano-Valdobbiadene Prosecco
95295b8e-b1b5-4bc4-9f1a-f9314387c518,Barbardaje Merlot,Casillero del Diablo Merlot (Reserva),0.50,0.50,3.5,61463,https://www.vivino.com/en/casillero-del-diablo-merlot-reserva-central-valley/w/1135161,Casillero del Diablo,Merlot,Chile / Central Valley
957420e1-7615-4fea-a2f1-69306a98246a,Justbee Alcohol Free Rosé,Bon Voyage Pinot Noir Rosé Alcohol Free,0.67,0.67,3.5,231,https://www.vivino.com/en/bon-voyage-vin-de-pays-vignobles-de-france-pinot-noir-rose-alcohol-free/w/5576929,Bon Voyage,Pinot Noir,France / Vin de France
9583bb9f-f03c-464b-be94-9471a0e903db,Granier Granion,Domaine Croze-Granier Ancien Domaine des Pontifes Châteauneuf-du-Pape,0.50,0.50,4.1,643,https://www.vivino.com/en/pontifes-ancien-domaine-des-pontifes-chateauneuf-du-pape/w/1817927,Domaine Croze-Granier,"Grenache, Mourvedre",France / Rhone Valley / Southern Rhône / Châteauneuf-du-Pape
95a48942-5ee4-4007-9e36-d365211c93d9,Arnould Bio Bourgogne Pinot Noir La Montagne,Domaine de la Rochette Montagne de Cra Bourgogne Pinot Noir,0.67,0.67,4,192,https://www.vivino.com/en/domaine-de-la-rochette-macon-milly-lamartine-montagne-de-cra-bourgogne-pinot-noir/w/6767501,Domaine de la Rochette,Pinot Noir,France / Bourgogne
95a990be-62c2-4757-a0df-66df822b28d8,Masterardan Merlot,Casillero del Diablo Merlot (Reserva),0.50,0.50,3.5,61463,https://www.vivino.com/en/casillero-del-diablo-merlot-reserva-central-valley/w/1135161,Casillero del Diablo,Merlot,Chile / Central Valley
95e46e37-8407-4a41-a2ae-9a10bce54870,Torbreck Woodcutters Shiraz,Torbreck Woodcutter's Shiraz,0.67,0.67,3.9,22628,https://www.vivino.com/en/torbreck-woodcutter-s-shiraz/w/11798,Torbreck,Shiraz/Syrah,Australia / South Australia / Barossa / Barossa Valley
9645c73d-8e57-44fa-bf71-76841f6583dd,Castelldor Cava Brut Organic,Castell d'Or Cava Brut Organic,0.67,0.67,3.8,171,https://www.vivino.com/en/castell-d-or-cava-brut-organic/w/9109561,Castell d'Or,"Macabeo, Xarel-lo, Parellada",Spain / Cava
967464b5-f709-4ad4-a054-9b0c995bd509,Charles Heidsieck Millepercent Pinot Noir,Charles Woodson's Intercept Pinot Noir,0.60,0.60,3.9,1620,https://www.vivino.com/en/charles-woodson-s-intercept-pinot-noir/w/7568921,Charles Woodson's Intercept,Pinot Noir,United States / California / Central Coast / Monterey County
96f8f08e-287d-495e-849c-b09f95d7cc7b,Masca del Taco Susumaniello,Masca del Tacco Susumaniello,0.67,0.67,4.2,30730,https://www.vivino.com/en/masca-del-tacco-susumaniello/w/5418700,Masca del Tacco,Susumaniello,Italy / Southern Italy / Puglia
97281622-75ef-4b61-ad02-ce6576faa3e1,Roche Mazet Saint-Sauves Grenache Rosé,Roche Mazet Cuvée Spéciale Grenache - Cinsault Rosé,0.60,0.60,3.3,3177,https://www.vivino.com/en/fr-roche-mazet-cuvee-speciale-grenache-cinsault-rose/w/1757298,Roche Mazet,"Grenache, Cinsault",France / Vin de Pays / Pays d'Oc
97762e05-3e73-4922-855e-cc8f4cea5658,Couly Caracas Collection Tempranillo,Faustino Rivero Ulecia Monovarietal Collection Tempranillo,0.50,0.50,3.3,2554,https://www.vivino.com/en/faustino-rivero-ulecia-monovarietal-collection-tempranillo/w/7738540,Faustino Rivero Ulecia,Tempranillo,Spain / Valencia / Utiel-Requena
98a2b1df-e74d-480a-b32f-afb875d9a442,Matilda Chapoutier Viognier Marsanne Victoria,Domaine Tournon Mathilda Chapoutier Viognier - Marsanne,0.60,0.60,3.7,795,https://www.vivino.com/en/domaine-tournon-mathilda-chapoutier-viognier-marsanne-victoria-white-wine/w/2847343,Domaine Tournon,Viognier,Australia / Victoria
98e0fa04-3695-42f6-9d8d-290dd9ee5004,Los Vascos Cabernet Sauvignon,Los Vascos Cabernet Sauvignon,1.00,1.00,3.4,30988,https://www.vivino.com/en/los-vascos-cabernet-sauvignon/w/23818,Los Vascos,Cabernet Sauvignon,Chile / Central Valley / Rapel Valley / Colchagua Valley
98e8f1f9-e543-4f34-a180-c94bc39873f0,Hardys Stamp Shiraz Cabernet,Hardys Stamp Shiraz - Cabernet Sauvignon,1.00,1.00,3.5,14513,https://www.vivino.com/en/hardys-stamp-shiraz-cabernet-sauvignon/w/1129209,Hardys,"Shiraz/Syrah, Cabernet Sauvignon",Australia / South Eastern Australia
997abded-7c17-426d-b629-be716d0ea2a8,Patrasche Bourgogne Chardonnay,Patriarche Père & Fils Chardonnay Bourgogne Couvent des Visitandines,0.67,0.67,3.5,6182,https://www.vivino.com/en/fr-patriarche-pere-fils-chardonnay-bourgogne-couvent-des-visitandines/w/1263757,Patriarche Père & Fils,Chardonnay,France / Bourgogne
998c65aa-920b-4acd-9617-8df9a04b1207,19 Crimes Cali Rosé,19 Crimes Snoop Cali Rosé,1.00,1.00,3.3,3040,https://www.vivino.com/en/nineteen-crimes-snoop-cali-rose/w/9368797,19 Crimes,Merlot,United States / California
999b934d-6275-409d-9ba2-81f47dedae95,Bacchus Mark Three Brooms Riesling,Barker’s Marque - Waverley Vineyards Three Brooms Riesling,0.60,0.60,4.2,216,https://www.vivino.com/en/barker-s-marque-waverley-vineyards-three-brooms-riesling/w/4361778,Barker’s Marque - Waverley Vineyards,Riesling,New Zealand / South Island / Marlborough
99ffb757-4820-40e7-88dd-4ba218c351e5,Sterling Platinum Napa Valley Cabernet Sauvignon,Sterling Vineyards Platinum Cabernet Sauvignon,0.67,0.67,4.2,3016,https://www.vivino.com/en/sterling-vineyards-platinum-cabernet-sauvignon-napa-valley/w/1285934,Sterling Vineyards,Cabernet Sauvignon,United States / California / North Coast / Napa County / Napa Valley
9a075352-0661-4e93-8a04-ca3091df6355,Roche Mazet Sauvignon Blanc,Roche Mazet Sauvignon,0.95,0.95,3.3,682,https://www.vivino.com/en/fr-roche-mazet-sauvignon-vin-de-pays-doc/w/5921105,Roche Mazet,Sauvignon Blanc,France / Vin de Pays / Pays d'Oc
9a08312d-7422-4d8e-8c40-345e89e07449,Nahe Riesling,Bex Riesling,0.50,0.50,3.9,4513,https://www.vivino.com/en/bex-riesling/w/1289149,Bex,Riesling,Germany / Nahe
9a123057-7e7f-477a-ad2e-bbfade25c675,Laubern Stolen Kiss Rosé,Rockburn Stolen Kiss Rosé,0.67,0.67,4.1,410,https://www.vivino.com/en/rockburn-stolen-kiss-rose/w/1684401,Rockburn,Pinot Noir,New Zealand / South Island / Central Otago
9a412842-d207-45e8-aad6-1c5e7b70dc0e,Selbach Oster Riesling Feinherb,Selbach-Oster Riesling Feinherb,1.00,1.00,3.8,1029,https://www.vivino.com/en/selbach-oster-riesling-feinherb/w/1270812,Selbach-Oster,Riesling,Germany / Mosel
9a47e14a-5171-476a-a5d3-66e2bb4e7507,Stags' Leap Wine Cellars Caria Chardonnay,Stag's Leap Wine Cellars KARIA Chardonnay,0.60,0.60,4.1,15719,https://www.vivino.com/en/stag-s-leap-wine-cellars-karia-chardonnay/w/1107343,Stag's Leap Wine Cellars,Chardonnay,United States / California / North Coast / Napa County / Napa Valley
9a4cacbc-ab53-44f1-b100-36f3b4cf9786,Grant Burge Benchmark Chardonnay,Grant Burge Wines Benchmark Chardonnay,1.00,1.00,3.4,1698,https://www.vivino.com/en/grant-burge-wines-benchmark-chardonnay/w/1770981,Grant Burge Wines,Chardonnay,Australia / South Australia / Barossa
9a665aae-e639-48d9-a825-c58cf29a67f2,Penfolds RWT Bin 798 Shiraz,Penfolds RWT Bin 798 Shiraz,1.00,1.00,4.4,3611,https://www.vivino.com/en/penfolds-rwt-bin-798-shiraz/w/7571198,Penfolds,Shiraz/Syrah,Australia / South Australia / Barossa / Barossa Valley
9a9083d9-e28b-4aaa-b79b-32ffca5cc2b1,Tamaral Tempranillo Roble,Tamaral Tempranillo Roble,1.00,1.00,3.8,5076,https://www.vivino.com/en/tamaral-tempranillo-roble/w/1282637,Tamaral,Tempranillo,Spain / Castilla y León / Ribera del Duero
9aa033d6-6036-4c5c-869c-bfa950d9c6bd,Codici Rosso Sweet,Codici Puglia Rosso,1.00,1.00,3.3,3588,https://www.vivino.com/en/codici-puglia-rosso/w/1597414,Codici,"Sangiovese, Montepulciano, Negroamaro",Italy / Southern Italy / Puglia
9ace1938-0efa-41aa-8a17-4c057fe4a0e4,Trapiche Oak Cask Malbec,Trapiche Oak Cask Malbec,1.00,1.00,3.7,49042,https://www.vivino.com/en/trapiche-oak-cask-malbec/w/1135810,Trapiche,Malbec,Argentina / Mendoza
9adc8b7e-86a3-4974-baed-5b98f7d90926,Grande Alberone Zinfandel,Grande Alberone Platinum Collection Zinfandel,1.00,1.00,4.2,13261,https://www.vivino.com/en/grande-alberone-platinum-collection-zinfandel/w/3645621,Grande Alberone,Zinfandel,Italy / Southern Italy / Puglia
9b21581b-2020-48fb-b2b0-b396c79bd416,Emiliana Adobe Chardonnay,Emiliana Adobe Chardonnay (Reserva),1.00,1.00,3.6,12312,https://www.vivino.com/en/emiliana-adobe-chardonnay-reserva/w/1136408,Emiliana,Chardonnay,Chile / Aconcagua / Casablanca Valley
9b50426a-af56-45b4-ad77-1247c760b7c0,Lost Chapter Merlot,The Lost Chapters Merlot,0.67,0.67,4,148,https://www.vivino.com/en/the-lost-chapters-merlot/w/9261914,The Lost Chapters,Merlot,United States / California / North Coast / Napa County / Napa Valley
9b641991-2897-4f62-bf8c-2975e802ba50,Detective Merlot,Vignals Detective Merlot,1.00,1.00,3.4,25,https://www.vivino.com/en/vignals-detective-merlot/w/9847926,Vignals,Merlot,France / Languedoc-Roussillon
9b66c388-055d-4891-b47a-cf6c226bef99,Scaliweg Chardonnay,Kendall-Jackson Vintner's Reserve Chardonnay,0.50,0.50,3.9,52026,https://www.vivino.com/en/kendall-jackson-vintner-s-reserve-chardonnay/w/2132,Kendall-Jackson,Chardonnay,United States / California
9b9aa30b-a55e-41eb-bbdd-069b4377a026,Vincent Latour Bourgogne Héritage Côte d'Or Blanc,Domaine Vincent Latour Héritage Bourgogne Côte d'Or Chardonnay,0.83,0.83,3.9,110,https://www.vivino.com/en/vincent-latour-heritage-bourgogne-cote-d-or-chardonnay/w/8505798,Domaine Vincent Latour,Chardonnay,France / Bourgogne
9bd67900-f005-4d7d-95d1-89de1ce0cdbf,SoftWalk Shiraz,Penfolds Koonunga Hill Shiraz - Cabernet,0.50,0.50,3.7,62364,https://www.vivino.com/en/penfolds-koonunga-hill-shiraz-cabernet/w/1306,Penfolds,Cabernet Sauvignon,Australia / South Australia
9bd995c0-42f5-4716-b971-4be9831b9a76,Pichini Memoro Elementi Montepulciano,Piccini Memoro Quattro Elementi Montepulciano d'abruzzo,0.75,0.75,4,823,https://www.vivino.com/en/piccini-memoro-quattro-elementi-montepulciano-d-abruzzo/w/12276747,Piccini,Montepulciano,Italy / Central Italy / Abruzzo / Montepulciano d'Abruzzo
9be19e6a-1d95-45a3-8569-90de7fbc7798,Framingham Sauvignon Blanc,Framingham Sauvignon Blanc,1.00,1.00,3.9,7712,https://www.vivino.com/en/framingham-sauvignon-blanc/w/1123133,Framingham,Sauvignon Blanc,New Zealand / South Island / Marlborough
9bf5b415-cf7f-4b8e-b879-2e4039f7191c,Domaine Michel Magnien Clos Saint-Denis Grand Cru,Michel Magnien Clos Saint-Denis Grand Cru,0.95,0.95,4.3,204,https://www.vivino.com/en/michel-magnien-clos-saint-denis-grand-cru/w/1084048,Michel Magnien,Pinot Noir,France / Bourgogne / Côte de Nuits / Morey-Saint-Denis / Clos Saint-Denis Grand Cru
